#VRML V2.0 utf8
# 3D model generated by easyeda2kicad.py (https://github.com/uPesy/easyeda2kicad.py)

Shape{
    appearance Appearance {
        material  Material 	{
            diffuseColor 0.7529411764705882 0.7529411764705882 0.7529411764705882
            specularColor 0.3764705882352941 0.3764705882352941 0.3764705882352941
            ambientIntensity 0.7529
            transparency 0.0
            shininess 0.5
        }
    }
    geometry IndexedFaceSet {
        ccw TRUE
        solid FALSE
        coord DEF co Coordinate {
            point [
                -3.111 2.7943 0.5787, -3.111 2.7943 0.4213, -3.109 2.8096 0.5787, -3.109 2.8096 0.4213, -3.1031 2.8238 0.5787, -3.1031 2.8238 0.4213, -3.0937 2.8361 0.5787, -3.0937 2.8361 0.4213, -3.0815 2.8454 0.5787, -3.0815 2.8454 0.4213, -3.0673 2.8513 0.5787, -3.0673 2.8513 0.4213, -3.052 2.8534 0.5787, -3.052 2.8534 0.4213, -3.0367 2.8513 0.5787, -3.0367 2.8513 0.4213, -3.0224 2.8454 0.5787, -3.0224 2.8454 0.4213, -3.0102 2.8361 0.5787, -3.0102 2.8361 0.4213, -3.0008 2.8238 0.5787, -3.0008 2.8238 0.4213, -2.9949 2.8096 0.5787, -2.9949 2.8096 0.4213, -2.9929 2.7943 0.5787, -2.9929 2.7943 0.4213, -2.9929 0.9045 0.5787, -2.9929 0.9045 0.4213, -2.9923 0.8977 0.4213, -2.9923 0.8977 0.5787, -2.9905 0.8911 0.4213, -2.9905 0.8911 0.5787, -2.9474 0.7723 0.5787, -2.9474 0.7723 0.4213, -2.9432 0.764 0.4213, -2.9432 0.764 0.5787, -2.9371 0.7569 0.4213, -2.9371 0.7569 0.5787, -2.9296 0.7514 0.4213, -2.9296 0.7514 0.5787, -2.9209 0.7478 0.4213, -2.9209 0.7478 0.5787, -2.9117 0.7464 0.4213, -2.9117 0.7464 0.5787, -2.9024 0.7472 0.4213, -2.9024 0.7472 0.5787, -2.8935 0.7502 0.4213, -2.8935 0.7502 0.5787, -2.8856 0.7552 0.4213, -2.8856 0.7552 0.5787, -2.8791 0.7619 0.4213, -2.8791 0.7619 0.5787, -2.8744 0.77 0.4213, -2.8744 0.77 0.5787, -2.8716 0.7789 0.4213, -2.8716 0.7789 0.5787, -2.8335 0.995 0.5787, -2.8335 0.995 0.4213, -2.8329 1.0018 0.4213, -2.8329 1.0018 0.5787, -2.8329 2.3529 0.5787, -2.8329 2.3529 0.4213, -2.7173 2.3529 0.5787, -2.7173 2.3529 0.4213, -2.7173 2.471 0.5787, -2.7173 2.471 0.4213, -2.8329 2.471 0.5787, -2.8329 2.471 0.4213, -2.8329 2.529 0.5787, -2.8329 2.529 0.4213, -2.9014 2.529 0.5787, -2.9014 2.529 0.4213, -2.9014 2.6107 0.5787, -2.9014 2.6107 0.4213, -2.926 2.6107 0.5787, -2.926 2.6107 0.4213, -2.926 4.3118 0.0, -2.926 4.3118 0.1575, -2.926 3.8766 0.0, -2.926 3.889 0.1575, -2.926 3.8527 0.0024, -2.926 3.8298 0.0097, -2.926 3.2005 0.5787, -2.926 3.2005 0.4213, -2.926 3.2562 0.573, -2.926 3.2244 0.4188, -2.926 3.3097 0.5562, -2.926 3.2473 0.4116, -2.926 3.3586 0.5289, -2.926 3.2683 0.3999, -2.926 3.8089 0.0214, -3.178 3.8527 0.0024, -3.178 3.889 0.1575, -3.178 3.8766 0.0, -3.178 4.3118 0.1575, -3.178 4.3118 0.0, -3.178 2.6107 0.4213, -3.178 2.6107 0.5787, -3.178 3.2005 0.4213, -3.178 3.2005 0.5787, -3.178 3.2244 0.4188, -3.178 3.2562 0.573, -3.178 3.2473 0.4116, -3.178 3.3097 0.5562, -3.178 3.2683 0.3999, -3.178 3.3586 0.5289, -3.178 3.8089 0.0214, -3.178 3.8298 0.0097, -3.2025 2.6107 0.5787, -3.2025 2.6107 0.4213, -3.2025 2.529 0.5787, -3.2025 2.529 0.4213, -3.2711 2.529 0.5787, -3.2711 2.529 0.4213, -3.2711 2.471 0.5787, -3.2711 2.471 0.4213, -3.3866 2.471 0.5787, -3.3866 2.471 0.4213, -3.3866 2.3529 0.5787, -3.3866 2.3529 0.4213, -3.2711 2.3529 0.5787, -3.2711 2.3529 0.4213, -3.2711 1.0018 0.5787, -3.2711 1.0018 0.4213, -3.2705 0.995 0.4213, -3.2705 0.995 0.5787, -3.2323 0.7789 0.5787, -3.2323 0.7789 0.4213, -3.2296 0.77 0.4213, -3.2296 0.77 0.5787, -3.2248 0.7619 0.4213, -3.2248 0.7619 0.5787, -3.2183 0.7552 0.4213, -3.2183 0.7552 0.5787, -3.2104 0.7502 0.4213, -3.2104 0.7502 0.5787, -3.2016 0.7472 0.4213, -3.2016 0.7472 0.5787, -3.1923 0.7464 0.4213, -3.1923 0.7464 0.5787, -3.183 0.7478 0.4213, -3.183 0.7478 0.5787, -3.1744 0.7514 0.4213, -3.1744 0.7514 0.5787, -3.1668 0.7569 0.4213, -3.1668 0.7569 0.5787, -3.1607 0.764 0.4213, -3.1607 0.764 0.5787, -3.1565 0.7723 0.4213, -3.1565 0.7723 0.5787, -3.1134 0.8911 0.5787, -3.1134 0.8911 0.4213, -3.1116 0.8977 0.4213, -3.1116 0.8977 0.5787, -3.111 0.9045 0.4213, -3.111 0.9045 0.5787, -2.9607 4.5087 0.0, -3.1432 4.5087 0.0, -3.1432 4.5087 0.1575, -2.9607 4.5087 0.1575, -2.111 2.7943 0.5787, -2.111 2.7943 0.4213, -2.109 2.8096 0.5787, -2.109 2.8096 0.4213, -2.1031 2.8238 0.5787, -2.1031 2.8238 0.4213, -2.0937 2.8361 0.5787, -2.0937 2.8361 0.4213, -2.0815 2.8454 0.5787, -2.0815 2.8454 0.4213, -2.0673 2.8513 0.5787, -2.0673 2.8513 0.4213, -2.052 2.8534 0.5787, -2.052 2.8534 0.4213, -2.0367 2.8513 0.5787, -2.0367 2.8513 0.4213, -2.0224 2.8454 0.5787, -2.0224 2.8454 0.4213, -2.0102 2.8361 0.5787, -2.0102 2.8361 0.4213, -2.0008 2.8238 0.5787, -2.0008 2.8238 0.4213, -1.9949 2.8096 0.5787, -1.9949 2.8096 0.4213, -1.9929 2.7943 0.5787, -1.9929 2.7943 0.4213, -1.9929 0.9045 0.5787, -1.9929 0.9045 0.4213, -1.9923 0.8977 0.4213, -1.9923 0.8977 0.5787, -1.9905 0.8911 0.4213, -1.9905 0.8911 0.5787, -1.9474 0.7723 0.5787, -1.9474 0.7723 0.4213, -1.9432 0.764 0.4213, -1.9432 0.764 0.5787, -1.9371 0.7569 0.4213, -1.9371 0.7569 0.5787, -1.9296 0.7514 0.4213, -1.9296 0.7514 0.5787, -1.9209 0.7478 0.4213, -1.9209 0.7478 0.5787, -1.9117 0.7464 0.4213, -1.9117 0.7464 0.5787, -1.9024 0.7472 0.4213, -1.9024 0.7472 0.5787, -1.8935 0.7502 0.4213, -1.8935 0.7502 0.5787, -1.8856 0.7552 0.4213, -1.8856 0.7552 0.5787, -1.8791 0.7619 0.4213, -1.8791 0.7619 0.5787, -1.8744 0.77 0.4213, -1.8744 0.77 0.5787, -1.8716 0.7789 0.4213, -1.8716 0.7789 0.5787, -1.8335 0.995 0.5787, -1.8335 0.995 0.4213, -1.8329 1.0018 0.4213, -1.8329 1.0018 0.5787, -1.8329 2.3529 0.5787, -1.8329 2.3529 0.4213, -1.7173 2.3529 0.5787, -1.7173 2.3529 0.4213, -1.7173 2.471 0.5787, -1.7173 2.471 0.4213, -1.8329 2.471 0.5787, -1.8329 2.471 0.4213, -1.8329 2.529 0.5787, -1.8329 2.529 0.4213, -1.9014 2.529 0.5787, -1.9014 2.529 0.4213, -1.9014 2.6107 0.5787, -1.9014 2.6107 0.4213, -1.926 2.6107 0.5787, -1.926 2.6107 0.4213, -1.926 4.3118 0.0, -1.926 4.3118 0.1575, -1.926 3.8766 0.0, -1.926 3.889 0.1575, -1.926 3.8527 0.0024, -1.926 3.8298 0.0097, -1.926 3.2005 0.5787, -1.926 3.2005 0.4213, -1.926 3.2562 0.573, -1.926 3.2244 0.4188, -1.926 3.3097 0.5562, -1.926 3.2473 0.4116, -1.926 3.3586 0.5289, -1.926 3.2683 0.3999, -1.926 3.8089 0.0214, -2.178 3.8527 0.0024, -2.178 3.889 0.1575, -2.178 3.8766 0.0, -2.178 4.3118 0.1575, -2.178 4.3118 0.0, -2.178 2.6107 0.4213, -2.178 2.6107 0.5787, -2.178 3.2005 0.4213, -2.178 3.2005 0.5787, -2.178 3.2244 0.4188, -2.178 3.2562 0.573, -2.178 3.2473 0.4116, -2.178 3.3097 0.5562, -2.178 3.2683 0.3999, -2.178 3.3586 0.5289, -2.178 3.8089 0.0214, -2.178 3.8298 0.0097, -2.2025 2.6107 0.5787, -2.2025 2.6107 0.4213, -2.2025 2.529 0.5787, -2.2025 2.529 0.4213, -2.2711 2.529 0.5787, -2.2711 2.529 0.4213, -2.2711 2.471 0.5787, -2.2711 2.471 0.4213, -2.3866 2.471 0.5787, -2.3866 2.471 0.4213, -2.3866 2.3529 0.5787, -2.3866 2.3529 0.4213, -2.2711 2.3529 0.5787, -2.2711 2.3529 0.4213, -2.2711 1.0018 0.5787, -2.2711 1.0018 0.4213, -2.2705 0.995 0.4213, -2.2705 0.995 0.5787, -2.2323 0.7789 0.5787, -2.2323 0.7789 0.4213, -2.2296 0.77 0.4213, -2.2296 0.77 0.5787, -2.2248 0.7619 0.4213, -2.2248 0.7619 0.5787, -2.2183 0.7552 0.4213, -2.2183 0.7552 0.5787, -2.2104 0.7502 0.4213, -2.2104 0.7502 0.5787, -2.2016 0.7472 0.4213, -2.2016 0.7472 0.5787, -2.1923 0.7464 0.4213, -2.1923 0.7464 0.5787, -2.183 0.7478 0.4213, -2.183 0.7478 0.5787, -2.1744 0.7514 0.4213, -2.1744 0.7514 0.5787, -2.1668 0.7569 0.4213, -2.1668 0.7569 0.5787, -2.1607 0.764 0.4213, -2.1607 0.764 0.5787, -2.1565 0.7723 0.4213, -2.1565 0.7723 0.5787, -2.1134 0.8911 0.5787, -2.1134 0.8911 0.4213, -2.1116 0.8977 0.4213, -2.1116 0.8977 0.5787, -2.111 0.9045 0.4213, -2.111 0.9045 0.5787, -1.9607 4.5087 0.0, -2.1432 4.5087 0.0, -2.1432 4.5087 0.1575, -1.9607 4.5087 0.1575, -1.111 2.7943 0.5787, -1.111 2.7943 0.4213, -1.109 2.8096 0.5787, -1.109 2.8096 0.4213, -1.1031 2.8238 0.5787, -1.1031 2.8238 0.4213, -1.0937 2.8361 0.5787, -1.0937 2.8361 0.4213, -1.0815 2.8454 0.5787, -1.0815 2.8454 0.4213, -1.0673 2.8513 0.5787, -1.0673 2.8513 0.4213, -1.052 2.8534 0.5787, -1.052 2.8534 0.4213, -1.0367 2.8513 0.5787, -1.0367 2.8513 0.4213, -1.0224 2.8454 0.5787, -1.0224 2.8454 0.4213, -1.0102 2.8361 0.5787, -1.0102 2.8361 0.4213, -1.0008 2.8238 0.5787, -1.0008 2.8238 0.4213, -0.9949 2.8096 0.5787, -0.9949 2.8096 0.4213, -0.9929 2.7943 0.5787, -0.9929 2.7943 0.4213, -0.9929 0.9045 0.5787, -0.9929 0.9045 0.4213, -0.9923 0.8977 0.4213, -0.9923 0.8977 0.5787, -0.9905 0.8911 0.4213, -0.9905 0.8911 0.5787, -0.9474 0.7723 0.5787, -0.9474 0.7723 0.4213, -0.9432 0.764 0.4213, -0.9432 0.764 0.5787, -0.9371 0.7569 0.4213, -0.9371 0.7569 0.5787, -0.9296 0.7514 0.4213, -0.9296 0.7514 0.5787, -0.9209 0.7478 0.4213, -0.9209 0.7478 0.5787, -0.9117 0.7464 0.4213, -0.9117 0.7464 0.5787, -0.9024 0.7472 0.4213, -0.9024 0.7472 0.5787, -0.8935 0.7502 0.4213, -0.8935 0.7502 0.5787, -0.8856 0.7552 0.4213, -0.8856 0.7552 0.5787, -0.8791 0.7619 0.4213, -0.8791 0.7619 0.5787, -0.8744 0.77 0.4213, -0.8744 0.77 0.5787, -0.8716 0.7789 0.4213, -0.8716 0.7789 0.5787, -0.8335 0.995 0.5787, -0.8335 0.995 0.4213, -0.8329 1.0018 0.4213, -0.8329 1.0018 0.5787, -0.8329 2.3529 0.5787, -0.8329 2.3529 0.4213, -0.7173 2.3529 0.5787, -0.7173 2.3529 0.4213, -0.7173 2.471 0.5787, -0.7173 2.471 0.4213, -0.8329 2.471 0.5787, -0.8329 2.471 0.4213, -0.8329 2.529 0.5787, -0.8329 2.529 0.4213, -0.9014 2.529 0.5787, -0.9014 2.529 0.4213, -0.9014 2.6107 0.5787, -0.9014 2.6107 0.4213, -0.926 2.6107 0.5787, -0.926 2.6107 0.4213, -0.926 4.3118 0.0, -0.926 4.3118 0.1575, -0.926 3.8766 0.0, -0.926 3.889 0.1575, -0.926 3.8527 0.0024, -0.926 3.8298 0.0097, -0.926 3.2005 0.5787, -0.926 3.2005 0.4213, -0.926 3.2562 0.573, -0.926 3.2244 0.4188, -0.926 3.3097 0.5562, -0.926 3.2473 0.4116, -0.926 3.3586 0.5289, -0.926 3.2683 0.3999, -0.926 3.8089 0.0214, -1.178 3.8527 0.0024, -1.178 3.889 0.1575, -1.178 3.8766 0.0, -1.178 4.3118 0.1575, -1.178 4.3118 0.0, -1.178 2.6107 0.4213, -1.178 2.6107 0.5787, -1.178 3.2005 0.4213, -1.178 3.2005 0.5787, -1.178 3.2244 0.4188, -1.178 3.2562 0.573, -1.178 3.2473 0.4116, -1.178 3.3097 0.5562, -1.178 3.2683 0.3999, -1.178 3.3586 0.5289, -1.178 3.8089 0.0214, -1.178 3.8298 0.0097, -1.2025 2.6107 0.5787, -1.2025 2.6107 0.4213, -1.2025 2.529 0.5787, -1.2025 2.529 0.4213, -1.2711 2.529 0.5787, -1.2711 2.529 0.4213, -1.2711 2.471 0.5787, -1.2711 2.471 0.4213, -1.3866 2.471 0.5787, -1.3866 2.471 0.4213, -1.3866 2.3529 0.5787, -1.3866 2.3529 0.4213, -1.2711 2.3529 0.5787, -1.2711 2.3529 0.4213, -1.2711 1.0018 0.5787, -1.2711 1.0018 0.4213, -1.2705 0.995 0.4213, -1.2705 0.995 0.5787, -1.2323 0.7789 0.5787, -1.2323 0.7789 0.4213, -1.2296 0.77 0.4213, -1.2296 0.77 0.5787, -1.2248 0.7619 0.4213, -1.2248 0.7619 0.5787, -1.2183 0.7552 0.4213, -1.2183 0.7552 0.5787, -1.2104 0.7502 0.4213, -1.2104 0.7502 0.5787, -1.2016 0.7472 0.4213, -1.2016 0.7472 0.5787, -1.1923 0.7464 0.4213, -1.1923 0.7464 0.5787, -1.183 0.7478 0.4213, -1.183 0.7478 0.5787, -1.1744 0.7514 0.4213, -1.1744 0.7514 0.5787, -1.1668 0.7569 0.4213, -1.1668 0.7569 0.5787, -1.1607 0.764 0.4213, -1.1607 0.764 0.5787, -1.1565 0.7723 0.4213, -1.1565 0.7723 0.5787, -1.1134 0.8911 0.5787, -1.1134 0.8911 0.4213, -1.1116 0.8977 0.4213, -1.1116 0.8977 0.5787, -1.111 0.9045 0.4213, -1.111 0.9045 0.5787, -0.9607 4.5087 0.0, -1.1432 4.5087 0.0, -1.1432 4.5087 0.1575, -0.9607 4.5087 0.1575, -0.111 2.7943 0.5787, -0.111 2.7943 0.4213, -0.109 2.8096 0.5787, -0.109 2.8096 0.4213, -0.1031 2.8238 0.5787, -0.1031 2.8238 0.4213, -0.0937 2.8361 0.5787, -0.0937 2.8361 0.4213, -0.0815 2.8454 0.5787, -0.0815 2.8454 0.4213, -0.0673 2.8513 0.5787, -0.0673 2.8513 0.4213, -0.052 2.8534 0.5787, -0.052 2.8534 0.4213, -0.0367 2.8513 0.5787, -0.0367 2.8513 0.4213, -0.0224 2.8454 0.5787, -0.0224 2.8454 0.4213, -0.0102 2.8361 0.5787, -0.0102 2.8361 0.4213, -0.0008 2.8238 0.5787, -0.0008 2.8238 0.4213, 0.0051 2.8096 0.5787, 0.0051 2.8096 0.4213, 0.0071 2.7943 0.5787, 0.0071 2.7943 0.4213, 0.0071 0.9045 0.5787, 0.0071 0.9045 0.4213, 0.0077 0.8977 0.4213, 0.0077 0.8977 0.5787, 0.0095 0.8911 0.4213, 0.0095 0.8911 0.5787, 0.0526 0.7723 0.5787, 0.0526 0.7723 0.4213, 0.0568 0.764 0.4213, 0.0568 0.764 0.5787, 0.0629 0.7569 0.4213, 0.0629 0.7569 0.5787, 0.0704 0.7514 0.4213, 0.0704 0.7514 0.5787, 0.0791 0.7478 0.4213, 0.0791 0.7478 0.5787, 0.0883 0.7464 0.4213, 0.0883 0.7464 0.5787, 0.0976 0.7472 0.4213, 0.0976 0.7472 0.5787, 0.1065 0.7502 0.4213, 0.1065 0.7502 0.5787, 0.1144 0.7552 0.4213, 0.1144 0.7552 0.5787, 0.1209 0.7619 0.4213, 0.1209 0.7619 0.5787, 0.1256 0.77 0.4213, 0.1256 0.77 0.5787, 0.1284 0.7789 0.4213, 0.1284 0.7789 0.5787, 0.1665 0.995 0.5787, 0.1665 0.995 0.4213, 0.1671 1.0018 0.4213, 0.1671 1.0018 0.5787, 0.1671 2.3529 0.5787, 0.1671 2.3529 0.4213, 0.2827 2.3529 0.5787, 0.2827 2.3529 0.4213, 0.2827 2.471 0.5787, 0.2827 2.471 0.4213, 0.1671 2.471 0.5787, 0.1671 2.471 0.4213, 0.1671 2.529 0.5787, 0.1671 2.529 0.4213, 0.0986 2.529 0.5787, 0.0986 2.529 0.4213, 0.0986 2.6107 0.5787, 0.0986 2.6107 0.4213, 0.074 2.6107 0.5787, 0.074 2.6107 0.4213, 0.074 4.3118 0.0, 0.074 4.3118 0.1575, 0.074 3.8766 0.0, 0.074 3.889 0.1575, 0.074 3.8527 0.0024, 0.074 3.8298 0.0097, 0.074 3.2005 0.5787, 0.074 3.2005 0.4213, 0.074 3.2562 0.573, 0.074 3.2244 0.4188, 0.074 3.3097 0.5562, 0.074 3.2473 0.4116, 0.074 3.3586 0.5289, 0.074 3.2683 0.3999, 0.074 3.8089 0.0214, -0.178 3.8527 0.0024, -0.178 3.889 0.1575, -0.178 3.8766 0.0, -0.178 4.3118 0.1575, -0.178 4.3118 0.0, -0.178 2.6107 0.4213, -0.178 2.6107 0.5787, -0.178 3.2005 0.4213, -0.178 3.2005 0.5787, -0.178 3.2244 0.4188, -0.178 3.2562 0.573, -0.178 3.2473 0.4116, -0.178 3.3097 0.5562, -0.178 3.2683 0.3999, -0.178 3.3586 0.5289, -0.178 3.8089 0.0214, -0.178 3.8298 0.0097, -0.2025 2.6107 0.5787, -0.2025 2.6107 0.4213, -0.2025 2.529 0.5787, -0.2025 2.529 0.4213, -0.2711 2.529 0.5787, -0.2711 2.529 0.4213, -0.2711 2.471 0.5787, -0.2711 2.471 0.4213, -0.3866 2.471 0.5787, -0.3866 2.471 0.4213, -0.3866 2.3529 0.5787, -0.3866 2.3529 0.4213, -0.2711 2.3529 0.5787, -0.2711 2.3529 0.4213, -0.2711 1.0018 0.5787, -0.2711 1.0018 0.4213, -0.2705 0.995 0.4213, -0.2705 0.995 0.5787, -0.2323 0.7789 0.5787, -0.2323 0.7789 0.4213, -0.2296 0.77 0.4213, -0.2296 0.77 0.5787, -0.2248 0.7619 0.4213, -0.2248 0.7619 0.5787, -0.2183 0.7552 0.4213, -0.2183 0.7552 0.5787, -0.2104 0.7502 0.4213, -0.2104 0.7502 0.5787, -0.2016 0.7472 0.4213, -0.2016 0.7472 0.5787, -0.1923 0.7464 0.4213, -0.1923 0.7464 0.5787, -0.183 0.7478 0.4213, -0.183 0.7478 0.5787, -0.1744 0.7514 0.4213, -0.1744 0.7514 0.5787, -0.1668 0.7569 0.4213, -0.1668 0.7569 0.5787, -0.1607 0.764 0.4213, -0.1607 0.764 0.5787, -0.1565 0.7723 0.4213, -0.1565 0.7723 0.5787, -0.1134 0.8911 0.5787, -0.1134 0.8911 0.4213, -0.1116 0.8977 0.4213, -0.1116 0.8977 0.5787, -0.111 0.9045 0.4213, -0.111 0.9045 0.5787, 0.0393 4.5087 0.0, -0.1432 4.5087 0.0, -0.1432 4.5087 0.1575, 0.0393 4.5087 0.1575
            ]
        }
        coordIndex [
            0,1,2,-1,2,1,3,-1,2,3,4,-1,4,3,5,-1,4,5,6,-1,6,5,7,-1,6,7,8,-1,8,7,9,-1,8,9,10,-1,10,9,11,-1,10,11,12,-1,12,11,13,-1,12,13,14,-1,14,13,15,-1,14,15,16,-1,16,15,17,-1,16,17,18,-1,18,17,19,-1,18,19,20,-1,20,19,21,-1,20,21,22,-1,22,21,23,-1,22,23,24,-1,24,23,25,-1,26,24,27,-1,27,24,25,-1,26,27,28,-1,26,28,29,-1,29,28,30,-1,29,30,31,-1,32,31,33,-1,33,31,30,-1,32,33,34,-1,32,34,35,-1,35,34,36,-1,35,36,37,-1,37,36,38,-1,37,38,39,-1,39,38,40,-1,39,40,41,-1,41,40,42,-1,41,42,43,-1,43,42,44,-1,43,44,45,-1,45,44,46,-1,45,46,47,-1,47,46,48,-1,47,48,49,-1,49,48,50,-1,49,50,51,-1,51,50,52,-1,51,52,53,-1,53,52,54,-1,53,54,55,-1,56,55,57,-1,57,55,54,-1,57,58,56,-1,56,58,59,-1,60,59,61,-1,61,59,58,-1,62,60,63,-1,63,60,61,-1,64,62,65,-1,65,62,63,-1,66,64,67,-1,67,64,65,-1,68,66,69,-1,69,66,67,-1,70,68,71,-1,71,68,69,-1,72,70,73,-1,73,70,71,-1,74,72,75,-1,75,72,73,-1,76,77,78,-1,78,77,79,-1,78,79,80,-1,80,79,81,-1,74,75,82,-1,82,75,83,-1,82,83,84,-1,84,83,85,-1,84,85,86,-1,86,85,87,-1,86,87,88,-1,88,87,89,-1,88,89,79,-1,79,89,90,-1,79,90,81,-1,91,92,93,-1,93,92,94,-1,93,94,95,-1,96,97,98,-1,98,97,99,-1,98,99,100,-1,100,99,101,-1,100,101,102,-1,102,101,103,-1,102,103,104,-1,104,103,105,-1,104,105,106,-1,106,105,92,-1,106,92,107,-1,107,92,91,-1,108,97,109,-1,109,97,96,-1,110,108,111,-1,111,108,109,-1,112,110,113,-1,113,110,111,-1,114,112,115,-1,115,112,113,-1,116,114,117,-1,117,114,115,-1,118,116,119,-1,119,116,117,-1,120,118,121,-1,121,118,119,-1,122,120,123,-1,123,120,121,-1,123,124,122,-1,122,124,125,-1,126,125,127,-1,127,125,124,-1,126,127,128,-1,126,128,129,-1,129,128,130,-1,129,130,131,-1,131,130,132,-1,131,132,133,-1,133,132,134,-1,133,134,135,-1,135,134,136,-1,135,136,137,-1,137,136,138,-1,137,138,139,-1,139,138,140,-1,139,140,141,-1,141,140,142,-1,141,142,143,-1,143,142,144,-1,143,144,145,-1,145,144,146,-1,145,146,147,-1,147,146,148,-1,147,148,149,-1,150,149,151,-1,151,149,148,-1,150,151,152,-1,150,152,153,-1,153,152,154,-1,153,154,155,-1,0,155,1,-1,1,155,154,-1,66,68,70,-1,59,60,26,-1,51,53,55,-1,56,31,55,-1,55,31,32,-1,59,26,56,-1,56,26,29,-1,56,29,31,-1,70,72,74,-1,32,35,55,-1,55,35,37,-1,55,37,39,-1,60,62,64,-1,97,108,110,-1,39,41,55,-1,55,41,43,-1,55,43,45,-1,4,6,99,-1,45,47,55,-1,55,47,49,-1,55,49,51,-1,112,114,110,-1,110,114,155,-1,110,155,97,-1,97,155,0,-1,97,0,99,-1,99,0,2,-1,99,2,4,-1,20,22,82,-1,82,22,24,-1,82,24,74,-1,74,24,26,-1,74,26,70,-1,70,26,60,-1,70,60,66,-1,66,60,64,-1,125,126,149,-1,6,8,99,-1,99,8,10,-1,99,10,82,-1,82,10,12,-1,82,12,14,-1,14,16,82,-1,82,16,18,-1,82,18,20,-1,116,118,114,-1,114,118,120,-1,114,120,155,-1,155,120,122,-1,155,122,153,-1,153,122,125,-1,153,125,150,-1,150,125,149,-1,143,126,141,-1,141,126,139,-1,143,145,126,-1,126,145,147,-1,126,147,149,-1,126,129,139,-1,139,129,131,-1,139,131,137,-1,137,131,133,-1,137,133,135,-1,124,123,154,-1,140,138,127,-1,154,152,124,-1,124,152,151,-1,124,151,127,-1,127,151,148,-1,127,148,146,-1,119,117,121,-1,121,117,115,-1,121,115,111,-1,111,115,113,-1,75,73,71,-1,146,144,127,-1,127,144,142,-1,127,142,140,-1,134,132,136,-1,136,132,130,-1,136,130,138,-1,138,130,128,-1,138,128,127,-1,109,96,111,-1,111,96,154,-1,111,154,121,-1,121,154,123,-1,9,7,98,-1,23,83,25,-1,25,83,75,-1,25,75,27,-1,27,75,71,-1,27,71,67,-1,67,71,69,-1,7,5,98,-1,98,5,3,-1,98,3,96,-1,96,3,1,-1,96,1,154,-1,23,21,83,-1,83,21,19,-1,83,19,17,-1,57,54,33,-1,17,15,83,-1,83,15,13,-1,83,13,98,-1,98,13,11,-1,98,11,9,-1,65,63,67,-1,67,63,61,-1,67,61,27,-1,27,61,58,-1,27,58,28,-1,28,58,57,-1,28,57,30,-1,30,57,33,-1,52,42,54,-1,54,42,40,-1,54,40,38,-1,38,36,54,-1,54,36,34,-1,54,34,33,-1,52,50,42,-1,42,50,48,-1,42,48,44,-1,44,48,46,-1,78,93,76,-1,76,93,95,-1,76,95,156,-1,156,95,157,-1,158,159,157,-1,157,159,156,-1,159,158,77,-1,77,158,94,-1,77,94,79,-1,79,94,92,-1,88,79,105,-1,105,79,92,-1,88,105,103,-1,88,103,86,-1,86,103,101,-1,86,101,84,-1,84,101,99,-1,84,99,82,-1,83,98,85,-1,85,98,100,-1,85,100,87,-1,87,100,102,-1,87,102,89,-1,89,102,104,-1,90,89,106,-1,106,89,104,-1,90,106,107,-1,90,107,81,-1,81,107,91,-1,81,91,80,-1,80,91,93,-1,80,93,78,-1,157,95,158,-1,158,95,94,-1,76,156,77,-1,77,156,159,-1,160,161,162,-1,162,161,163,-1,162,163,164,-1,164,163,165,-1,164,165,166,-1,166,165,167,-1,166,167,168,-1,168,167,169,-1,168,169,170,-1,170,169,171,-1,170,171,172,-1,172,171,173,-1,172,173,174,-1,174,173,175,-1,174,175,176,-1,176,175,177,-1,176,177,178,-1,178,177,179,-1,178,179,180,-1,180,179,181,-1,180,181,182,-1,182,181,183,-1,182,183,184,-1,184,183,185,-1,186,184,187,-1,187,184,185,-1,186,187,188,-1,186,188,189,-1,189,188,190,-1,189,190,191,-1,192,191,193,-1,193,191,190,-1,192,193,194,-1,192,194,195,-1,195,194,196,-1,195,196,197,-1,197,196,198,-1,197,198,199,-1,199,198,200,-1,199,200,201,-1,201,200,202,-1,201,202,203,-1,203,202,204,-1,203,204,205,-1,205,204,206,-1,205,206,207,-1,207,206,208,-1,207,208,209,-1,209,208,210,-1,209,210,211,-1,211,210,212,-1,211,212,213,-1,213,212,214,-1,213,214,215,-1,216,215,217,-1,217,215,214,-1,217,218,216,-1,216,218,219,-1,220,219,221,-1,221,219,218,-1,222,220,223,-1,223,220,221,-1,224,222,225,-1,225,222,223,-1,226,224,227,-1,227,224,225,-1,228,226,229,-1,229,226,227,-1,230,228,231,-1,231,228,229,-1,232,230,233,-1,233,230,231,-1,234,232,235,-1,235,232,233,-1,236,237,238,-1,238,237,239,-1,238,239,240,-1,240,239,241,-1,234,235,242,-1,242,235,243,-1,242,243,244,-1,244,243,245,-1,244,245,246,-1,246,245,247,-1,246,247,248,-1,248,247,249,-1,248,249,239,-1,239,249,250,-1,239,250,241,-1,251,252,253,-1,253,252,254,-1,253,254,255,-1,256,257,258,-1,258,257,259,-1,258,259,260,-1,260,259,261,-1,260,261,262,-1,262,261,263,-1,262,263,264,-1,264,263,265,-1,264,265,266,-1,266,265,252,-1,266,252,267,-1,267,252,251,-1,268,257,269,-1,269,257,256,-1,270,268,271,-1,271,268,269,-1,272,270,273,-1,273,270,271,-1,274,272,275,-1,275,272,273,-1,276,274,277,-1,277,274,275,-1,278,276,279,-1,279,276,277,-1,280,278,281,-1,281,278,279,-1,282,280,283,-1,283,280,281,-1,283,284,282,-1,282,284,285,-1,286,285,287,-1,287,285,284,-1,286,287,288,-1,286,288,289,-1,289,288,290,-1,289,290,291,-1,291,290,292,-1,291,292,293,-1,293,292,294,-1,293,294,295,-1,295,294,296,-1,295,296,297,-1,297,296,298,-1,297,298,299,-1,299,298,300,-1,299,300,301,-1,301,300,302,-1,301,302,303,-1,303,302,304,-1,303,304,305,-1,305,304,306,-1,305,306,307,-1,307,306,308,-1,307,308,309,-1,310,309,311,-1,311,309,308,-1,310,311,312,-1,310,312,313,-1,313,312,314,-1,313,314,315,-1,160,315,161,-1,161,315,314,-1,226,228,230,-1,219,220,186,-1,211,213,215,-1,216,191,215,-1,215,191,192,-1,219,186,216,-1,216,186,189,-1,216,189,191,-1,230,232,234,-1,192,195,215,-1,215,195,197,-1,215,197,199,-1,220,222,224,-1,257,268,270,-1,199,201,215,-1,215,201,203,-1,215,203,205,-1,164,166,259,-1,180,182,242,-1,242,182,184,-1,242,184,234,-1,234,184,186,-1,234,186,230,-1,230,186,220,-1,230,220,226,-1,226,220,224,-1,205,207,215,-1,215,207,209,-1,215,209,211,-1,272,274,270,-1,270,274,315,-1,270,315,257,-1,257,315,160,-1,257,160,259,-1,259,160,162,-1,259,162,164,-1,174,176,242,-1,242,176,178,-1,242,178,180,-1,305,307,286,-1,286,307,309,-1,286,309,285,-1,166,168,259,-1,259,168,170,-1,259,170,242,-1,242,170,172,-1,242,172,174,-1,276,278,274,-1,274,278,280,-1,274,280,315,-1,315,280,282,-1,315,282,313,-1,313,282,285,-1,313,285,310,-1,310,285,309,-1,299,286,289,-1,299,301,286,-1,286,301,303,-1,286,303,305,-1,289,291,299,-1,299,291,293,-1,299,293,297,-1,297,293,295,-1,284,283,314,-1,304,302,288,-1,279,277,281,-1,281,277,275,-1,281,275,271,-1,271,275,273,-1,235,233,231,-1,314,312,284,-1,284,312,311,-1,284,311,287,-1,287,311,308,-1,287,308,288,-1,288,308,306,-1,288,306,304,-1,269,256,271,-1,271,256,314,-1,271,314,281,-1,281,314,283,-1,294,292,296,-1,296,292,298,-1,302,300,288,-1,288,300,298,-1,288,298,290,-1,290,298,292,-1,183,243,185,-1,185,243,235,-1,185,235,187,-1,187,235,231,-1,187,231,227,-1,227,231,229,-1,169,167,258,-1,183,181,243,-1,243,181,179,-1,243,179,177,-1,167,165,258,-1,258,165,163,-1,258,163,256,-1,256,163,161,-1,256,161,314,-1,217,214,193,-1,225,223,227,-1,227,223,221,-1,227,221,187,-1,187,221,218,-1,187,218,188,-1,188,218,217,-1,188,217,190,-1,190,217,193,-1,177,175,243,-1,243,175,173,-1,243,173,258,-1,258,173,171,-1,258,171,169,-1,212,202,214,-1,214,202,200,-1,214,200,198,-1,198,196,214,-1,214,196,194,-1,214,194,193,-1,212,210,202,-1,202,210,208,-1,202,208,204,-1,204,208,206,-1,238,253,236,-1,236,253,255,-1,236,255,316,-1,316,255,317,-1,318,319,317,-1,317,319,316,-1,319,318,237,-1,237,318,254,-1,237,254,239,-1,239,254,252,-1,248,239,265,-1,265,239,252,-1,248,265,263,-1,248,263,246,-1,246,263,261,-1,246,261,244,-1,244,261,259,-1,244,259,242,-1,243,258,245,-1,245,258,260,-1,245,260,247,-1,247,260,262,-1,247,262,249,-1,249,262,264,-1,250,249,266,-1,266,249,264,-1,250,266,267,-1,250,267,241,-1,241,267,251,-1,241,251,240,-1,240,251,253,-1,240,253,238,-1,317,255,318,-1,318,255,254,-1,236,316,237,-1,237,316,319,-1,320,321,322,-1,322,321,323,-1,322,323,324,-1,324,323,325,-1,324,325,326,-1,326,325,327,-1,326,327,328,-1,328,327,329,-1,328,329,330,-1,330,329,331,-1,330,331,332,-1,332,331,333,-1,332,333,334,-1,334,333,335,-1,334,335,336,-1,336,335,337,-1,336,337,338,-1,338,337,339,-1,338,339,340,-1,340,339,341,-1,340,341,342,-1,342,341,343,-1,342,343,344,-1,344,343,345,-1,346,344,347,-1,347,344,345,-1,346,347,348,-1,346,348,349,-1,349,348,350,-1,349,350,351,-1,352,351,353,-1,353,351,350,-1,352,353,354,-1,352,354,355,-1,355,354,356,-1,355,356,357,-1,357,356,358,-1,357,358,359,-1,359,358,360,-1,359,360,361,-1,361,360,362,-1,361,362,363,-1,363,362,364,-1,363,364,365,-1,365,364,366,-1,365,366,367,-1,367,366,368,-1,367,368,369,-1,369,368,370,-1,369,370,371,-1,371,370,372,-1,371,372,373,-1,373,372,374,-1,373,374,375,-1,376,375,377,-1,377,375,374,-1,377,378,376,-1,376,378,379,-1,380,379,381,-1,381,379,378,-1,382,380,383,-1,383,380,381,-1,384,382,385,-1,385,382,383,-1,386,384,387,-1,387,384,385,-1,388,386,389,-1,389,386,387,-1,390,388,391,-1,391,388,389,-1,392,390,393,-1,393,390,391,-1,394,392,395,-1,395,392,393,-1,396,397,398,-1,398,397,399,-1,398,399,400,-1,400,399,401,-1,394,395,402,-1,402,395,403,-1,402,403,404,-1,404,403,405,-1,404,405,406,-1,406,405,407,-1,406,407,408,-1,408,407,409,-1,408,409,399,-1,399,409,410,-1,399,410,401,-1,411,412,413,-1,413,412,414,-1,413,414,415,-1,416,417,418,-1,418,417,419,-1,418,419,420,-1,420,419,421,-1,420,421,422,-1,422,421,423,-1,422,423,424,-1,424,423,425,-1,424,425,426,-1,426,425,412,-1,426,412,427,-1,427,412,411,-1,428,417,429,-1,429,417,416,-1,430,428,431,-1,431,428,429,-1,432,430,433,-1,433,430,431,-1,434,432,435,-1,435,432,433,-1,436,434,437,-1,437,434,435,-1,438,436,439,-1,439,436,437,-1,440,438,441,-1,441,438,439,-1,442,440,443,-1,443,440,441,-1,443,444,442,-1,442,444,445,-1,446,445,447,-1,447,445,444,-1,446,447,448,-1,446,448,449,-1,449,448,450,-1,449,450,451,-1,451,450,452,-1,451,452,453,-1,453,452,454,-1,453,454,455,-1,455,454,456,-1,455,456,457,-1,457,456,458,-1,457,458,459,-1,459,458,460,-1,459,460,461,-1,461,460,462,-1,461,462,463,-1,463,462,464,-1,463,464,465,-1,465,464,466,-1,465,466,467,-1,467,466,468,-1,467,468,469,-1,470,469,471,-1,471,469,468,-1,470,471,472,-1,470,472,473,-1,473,472,474,-1,473,474,475,-1,320,475,321,-1,321,475,474,-1,386,388,390,-1,379,380,346,-1,379,346,376,-1,390,392,394,-1,324,326,419,-1,346,349,376,-1,376,349,351,-1,376,351,375,-1,375,351,352,-1,375,352,355,-1,361,363,375,-1,375,363,365,-1,375,365,367,-1,380,382,384,-1,417,428,430,-1,355,357,375,-1,375,357,359,-1,375,359,361,-1,367,369,375,-1,375,369,371,-1,375,371,373,-1,432,434,430,-1,430,434,475,-1,430,475,417,-1,417,475,320,-1,417,320,419,-1,419,320,322,-1,419,322,324,-1,326,328,419,-1,419,328,330,-1,419,330,402,-1,402,330,332,-1,402,332,334,-1,334,336,402,-1,402,336,338,-1,402,338,340,-1,340,342,402,-1,402,342,344,-1,402,344,394,-1,394,344,346,-1,394,346,390,-1,390,346,380,-1,390,380,386,-1,386,380,384,-1,445,446,469,-1,436,438,434,-1,434,438,440,-1,434,440,475,-1,475,440,442,-1,475,442,473,-1,473,442,445,-1,473,445,470,-1,470,445,469,-1,459,449,451,-1,449,459,446,-1,446,459,461,-1,446,461,463,-1,463,465,446,-1,446,465,467,-1,446,467,469,-1,453,455,451,-1,451,455,457,-1,451,457,459,-1,444,443,474,-1,464,462,448,-1,454,452,450,-1,439,437,441,-1,441,437,435,-1,441,435,431,-1,431,435,433,-1,395,393,391,-1,429,416,431,-1,431,416,474,-1,431,474,441,-1,441,474,443,-1,329,327,418,-1,474,472,444,-1,444,472,471,-1,444,471,447,-1,447,471,468,-1,447,468,448,-1,448,468,466,-1,448,466,464,-1,462,460,448,-1,448,460,458,-1,448,458,450,-1,450,458,456,-1,450,456,454,-1,343,403,345,-1,345,403,395,-1,345,395,347,-1,347,395,391,-1,347,391,387,-1,387,391,389,-1,327,325,418,-1,418,325,323,-1,418,323,416,-1,416,323,321,-1,416,321,474,-1,343,341,403,-1,403,341,339,-1,403,339,337,-1,337,335,403,-1,403,335,333,-1,403,333,418,-1,418,333,331,-1,418,331,329,-1,377,374,353,-1,385,383,387,-1,387,383,381,-1,387,381,347,-1,347,381,378,-1,347,378,348,-1,348,378,377,-1,348,377,350,-1,350,377,353,-1,368,366,370,-1,370,366,372,-1,366,364,372,-1,372,364,362,-1,372,362,374,-1,374,362,360,-1,374,360,358,-1,358,356,374,-1,374,356,354,-1,374,354,353,-1,398,413,396,-1,396,413,415,-1,396,415,476,-1,476,415,477,-1,478,479,477,-1,477,479,476,-1,479,478,397,-1,397,478,414,-1,397,414,399,-1,399,414,412,-1,408,399,425,-1,425,399,412,-1,408,425,423,-1,408,423,406,-1,406,423,421,-1,406,421,404,-1,404,421,419,-1,404,419,402,-1,403,418,405,-1,405,418,420,-1,405,420,407,-1,407,420,422,-1,407,422,409,-1,409,422,424,-1,410,409,426,-1,426,409,424,-1,410,426,427,-1,410,427,401,-1,401,427,411,-1,401,411,400,-1,400,411,413,-1,400,413,398,-1,477,415,478,-1,478,415,414,-1,396,476,397,-1,397,476,479,-1,480,481,482,-1,482,481,483,-1,482,483,484,-1,484,483,485,-1,484,485,486,-1,486,485,487,-1,486,487,488,-1,488,487,489,-1,488,489,490,-1,490,489,491,-1,490,491,492,-1,492,491,493,-1,492,493,494,-1,494,493,495,-1,494,495,496,-1,496,495,497,-1,496,497,498,-1,498,497,499,-1,498,499,500,-1,500,499,501,-1,500,501,502,-1,502,501,503,-1,502,503,504,-1,504,503,505,-1,506,504,507,-1,507,504,505,-1,506,507,508,-1,506,508,509,-1,509,508,510,-1,509,510,511,-1,512,511,513,-1,513,511,510,-1,512,513,514,-1,512,514,515,-1,515,514,516,-1,515,516,517,-1,517,516,518,-1,517,518,519,-1,519,518,520,-1,519,520,521,-1,521,520,522,-1,521,522,523,-1,523,522,524,-1,523,524,525,-1,525,524,526,-1,525,526,527,-1,527,526,528,-1,527,528,529,-1,529,528,530,-1,529,530,531,-1,531,530,532,-1,531,532,533,-1,533,532,534,-1,533,534,535,-1,536,535,537,-1,537,535,534,-1,537,538,536,-1,536,538,539,-1,540,539,541,-1,541,539,538,-1,542,540,543,-1,543,540,541,-1,544,542,545,-1,545,542,543,-1,546,544,547,-1,547,544,545,-1,548,546,549,-1,549,546,547,-1,550,548,551,-1,551,548,549,-1,552,550,553,-1,553,550,551,-1,554,552,555,-1,555,552,553,-1,556,557,558,-1,558,557,559,-1,558,559,560,-1,560,559,561,-1,554,555,562,-1,562,555,563,-1,562,563,564,-1,564,563,565,-1,564,565,566,-1,566,565,567,-1,566,567,568,-1,568,567,569,-1,568,569,559,-1,559,569,570,-1,559,570,561,-1,571,572,573,-1,573,572,574,-1,573,574,575,-1,576,577,578,-1,578,577,579,-1,578,579,580,-1,580,579,581,-1,580,581,582,-1,582,581,583,-1,582,583,584,-1,584,583,585,-1,584,585,586,-1,586,585,572,-1,586,572,587,-1,587,572,571,-1,588,577,589,-1,589,577,576,-1,590,588,591,-1,591,588,589,-1,592,590,593,-1,593,590,591,-1,594,592,595,-1,595,592,593,-1,596,594,597,-1,597,594,595,-1,598,596,599,-1,599,596,597,-1,600,598,601,-1,601,598,599,-1,602,600,603,-1,603,600,601,-1,603,604,602,-1,602,604,605,-1,606,605,607,-1,607,605,604,-1,606,607,608,-1,606,608,609,-1,609,608,610,-1,609,610,611,-1,611,610,612,-1,611,612,613,-1,613,612,614,-1,613,614,615,-1,615,614,616,-1,615,616,617,-1,617,616,618,-1,617,618,619,-1,619,618,620,-1,619,620,621,-1,621,620,622,-1,621,622,623,-1,623,622,624,-1,623,624,625,-1,625,624,626,-1,625,626,627,-1,627,626,628,-1,627,628,629,-1,630,629,631,-1,631,629,628,-1,630,631,632,-1,630,632,633,-1,633,632,634,-1,633,634,635,-1,480,635,481,-1,481,635,634,-1,546,548,550,-1,539,540,506,-1,533,535,523,-1,539,506,536,-1,523,535,521,-1,527,529,531,-1,550,552,554,-1,506,509,536,-1,536,509,511,-1,536,511,535,-1,535,511,512,-1,535,512,515,-1,540,542,544,-1,484,486,579,-1,577,588,590,-1,515,517,535,-1,535,517,519,-1,535,519,521,-1,533,523,531,-1,531,523,525,-1,531,525,527,-1,494,496,562,-1,562,496,498,-1,562,498,500,-1,592,594,590,-1,590,594,635,-1,590,635,577,-1,577,635,480,-1,577,480,579,-1,579,480,482,-1,579,482,484,-1,486,488,579,-1,579,488,490,-1,579,490,562,-1,562,490,492,-1,562,492,494,-1,500,502,562,-1,562,502,504,-1,562,504,554,-1,554,504,506,-1,554,506,550,-1,550,506,540,-1,550,540,546,-1,546,540,544,-1,605,606,629,-1,596,598,594,-1,594,598,600,-1,594,600,635,-1,635,600,602,-1,635,602,633,-1,633,602,605,-1,633,605,630,-1,630,605,629,-1,609,611,619,-1,609,619,606,-1,606,619,621,-1,606,621,623,-1,623,625,606,-1,606,625,627,-1,606,627,629,-1,613,615,611,-1,611,615,617,-1,611,617,619,-1,608,607,618,-1,604,603,634,-1,618,607,620,-1,634,632,604,-1,604,632,631,-1,604,631,607,-1,607,631,628,-1,607,628,626,-1,614,612,610,-1,599,597,601,-1,601,597,595,-1,601,595,591,-1,591,595,593,-1,555,553,551,-1,626,624,607,-1,607,624,622,-1,607,622,620,-1,589,576,591,-1,591,576,634,-1,591,634,601,-1,601,634,603,-1,489,487,578,-1,608,618,610,-1,610,618,616,-1,610,616,614,-1,501,499,563,-1,563,499,497,-1,487,485,578,-1,578,485,483,-1,578,483,576,-1,576,483,481,-1,576,481,634,-1,549,547,551,-1,551,547,507,-1,551,507,555,-1,555,507,505,-1,555,505,563,-1,563,505,503,-1,563,503,501,-1,497,495,563,-1,563,495,493,-1,563,493,578,-1,578,493,491,-1,578,491,489,-1,537,534,513,-1,532,530,522,-1,545,543,547,-1,547,543,541,-1,547,541,507,-1,507,541,538,-1,507,538,508,-1,508,538,537,-1,508,537,510,-1,510,537,513,-1,532,522,534,-1,534,522,520,-1,534,520,518,-1,528,526,530,-1,530,526,524,-1,530,524,522,-1,518,516,534,-1,534,516,514,-1,534,514,513,-1,558,573,556,-1,556,573,575,-1,556,575,636,-1,636,575,637,-1,638,639,637,-1,637,639,636,-1,639,638,557,-1,557,638,574,-1,557,574,559,-1,559,574,572,-1,568,559,585,-1,585,559,572,-1,568,585,583,-1,568,583,566,-1,566,583,581,-1,566,581,564,-1,564,581,579,-1,564,579,562,-1,563,578,565,-1,565,578,580,-1,565,580,567,-1,567,580,582,-1,567,582,569,-1,569,582,584,-1,570,569,586,-1,586,569,584,-1,570,586,587,-1,570,587,561,-1,561,587,571,-1,561,571,560,-1,560,571,573,-1,560,573,558,-1,637,575,638,-1,638,575,574,-1,556,636,557,-1,557,636,639,-1,
        ]
    }
}
Shape{
    appearance Appearance {
        material  Material 	{
            diffuseColor 0.25098039215686274 0.25098039215686274 0.25098039215686274
            specularColor 0.12549019607843137 0.12549019607843137 0.12549019607843137
            ambientIntensity 0.251
            transparency 0.0
            shininess 0.5
        }
    }
    geometry IndexedFaceSet {
        ccw TRUE
        solid FALSE
        coord DEF co Coordinate {
            point [
                3.5465 1.0111 0.5091, 3.5465 1.0111 0.4127, 3.5465 1.0544 0.4127, 3.5465 1.0654 0.4237, 3.5465 1.0637 0.4279, 3.5465 1.0637 0.3993, 3.5465 1.1818 0.227, 3.5465 1.1793 0.2267, 3.5465 1.2056 0.2267, 3.5465 1.2984 0.3364, 3.5465 1.3329 0.3364, 3.5465 1.3329 0.3674, 3.5465 0.8581 0.4242, 3.5465 0.8791 0.4065, 3.5465 0.9525 0.51, 3.5465 0.9525 0.3993, 3.5465 0.7561 0.5207, 3.5465 0.7719 0.51, 3.5465 0.7895 0.4981, 3.5465 0.8152 0.4683, 3.5465 0.8313 0.4369, 3.5465 0.8351 0.4357, 3.5465 0.6103 0.5198, 3.5465 0.646 0.5336, 3.5465 -0.0976 0.9921, 3.5465 0.9525 0.9921, 3.5465 0.6843 0.5383, 3.5465 0.7173 0.5347, 3.5465 0.5945 0.51, 3.5465 -0.0976 0.51, 3.5465 0.5914 0.5081, 3.5465 -0.0976 0.3993, 3.5465 0.4252 0.3993, 3.5465 0.432 0.4146, 3.5465 0.4506 0.4385, 3.5465 0.5091 0.4719, 3.5465 0.5396 0.4756, 3.5465 0.5732 0.4925, 3.5465 0.5485 0.4751, 3.5465 0.5574 0.4741, 3.5465 0.4558 0.4434, 3.5465 0.4804 0.4607, 3.5465 0.4709 0.2453, 3.5465 0.4467 0.2659, 3.5465 -0.0976 0.2267, 3.5465 0.4988 0.2317, 3.5465 0.4291 0.2911, 3.5465 0.418 0.3199, 3.5465 -0.0976 0.3674, 3.5465 0.4142 0.3503, 3.5465 0.4144 0.3577, 3.5465 0.4162 0.3674, 3.5465 0.4196 0.3868, 3.5465 0.5086 0.2288, 3.5465 0.5096 0.2267, 3.5465 0.5164 0.2122, 3.5465 0.5279 0.198, 3.5465 0.9525 0.1836, 3.5465 0.6142 0.1836, 3.5465 0.9525 0.0079, 3.5465 0.6009 0.1785, 3.5465 0.5821 0.1762, 3.5465 0.5792 0.1762, 3.5465 -0.0976 0.0079, 3.5465 0.5609 0.1791, 3.5465 -0.0976 0.1836, 3.5465 0.5501 0.1836, 3.5465 0.5431 0.1866, 3.5465 0.9525 0.2267, 3.5465 0.6546 0.2267, 3.5465 0.6545 0.2263, 3.5465 0.6454 0.2091, 3.5465 0.6336 0.1958, 3.5465 0.6182 0.1851, 3.5465 0.9044 0.3609, 3.5465 0.9079 0.3356, 3.5465 0.9525 0.3674, 3.5465 0.7534 0.2723, 3.5465 0.7588 0.2744, 3.5465 0.7679 0.3185, 3.5465 0.8793 0.2621, 3.5465 0.8582 0.2442, 3.5465 0.6402 0.3054, 3.5465 0.7439 0.3596, 3.5465 0.6266 0.3177, 3.5465 0.6102 0.3265, 3.5465 0.7487 0.269, 3.5465 0.8946 0.2835, 3.5465 0.8595 0.3417, 3.5465 0.8559 0.3565, 3.5465 0.85 0.3674, 3.5465 0.4649 0.3674, 3.5465 0.9044 0.308, 3.5465 0.7648 0.2752, 3.5465 0.7655 0.2752, 3.5465 0.7678 0.2746, 3.5465 0.4695 0.3209, 3.5465 0.4787 0.3053, 3.5465 0.5179 0.2972, 3.5465 0.4925 0.291, 3.5465 0.5094 0.2806, 3.5465 0.5465 0.3229, 3.5465 0.5307 0.3119, 3.5465 0.463 0.3518, 3.5465 0.4639 0.3398, 3.5465 0.5636 0.3294, 3.5465 0.5821 0.3317, 3.5465 0.5915 0.3311, 3.5465 0.7408 0.2512, 3.5465 0.741 0.2543, 3.5465 0.6595 0.2613, 3.5465 0.7425 0.2602, 3.5465 0.7455 0.2654, 3.5465 0.8442 0.2939, 3.5465 0.8527 0.3059, 3.5465 0.8581 0.3197, 3.5465 0.8599 0.3348, 3.5465 0.7588 0.2279, 3.5465 0.7537 0.23, 3.5465 0.7487 0.2335, 3.5465 0.7469 0.2354, 3.5465 0.7435 0.2402, 3.5465 0.7415 0.2455, 3.5465 0.6591 0.2454, 3.5465 0.6595 0.2535, 3.5465 0.8346 0.2327, 3.5465 0.8089 0.2272, 3.5465 0.7632 0.2272, 3.5465 0.7694 0.2744, 3.5465 0.8042 0.2744, 3.5465 0.8182 0.2771, 3.5465 0.8318 0.2835, 3.5465 0.8432 0.2928, 3.5465 0.7934 0.3951, 3.5465 0.4719 0.3878, 3.5465 0.4653 0.3706, 3.5465 0.7996 0.3951, 3.5465 0.8487 0.3698, 3.5465 0.8398 0.3797, 3.5465 0.8278 0.3881, 3.5465 0.8143 0.3933, 3.5465 0.7767 0.4417, 3.5465 0.7592 0.4625, 3.5465 0.5814 0.4176, 3.5465 0.7573 0.4642, 3.5465 0.7356 0.4793, 3.5465 0.5932 0.4421, 3.5465 0.48 0.3993, 3.5465 0.5759 0.4206, 3.5465 0.7925 0.3993, 3.5465 0.7886 0.4168, 3.5465 0.5586 0.4269, 3.5465 0.5404 0.4292, 3.5465 0.5322 0.4288, 3.5465 0.6106 0.4628, 3.5465 0.7113 0.4886, 3.5465 0.6313 0.4779, 3.5465 0.6851 0.4919, 3.5465 0.6566 0.4882, 3.5465 0.5131 0.4242, 3.5465 0.4959 0.4151, 3.5465 0.4827 0.4032, 3.5465 0.8842 0.3993, 3.5465 0.8949 0.3845, 3.5465 0.9017 0.3674, 3.5465 1.357 0.24, 3.5465 1.357 0.2276, 3.5465 1.3673 0.2267, 3.5465 1.3673 0.3674, 3.5465 1.3545 0.3364, 3.5465 1.3545 0.3239, 3.5465 1.3125 0.2766, 3.5465 1.3125 0.24, 3.5465 1.3329 0.2766, 3.5465 1.3329 0.24, 3.5465 1.3514 0.2766, 3.5465 1.3514 0.2891, 3.5465 1.3125 0.3239, 3.5465 1.3125 0.2891, 3.5465 1.3329 0.3239, 3.5465 1.3329 0.2891, 3.5465 1.3329 0.2267, 3.5465 1.3329 0.2276, 3.5465 1.2984 0.2276, 3.5465 1.2447 0.2469, 3.5465 1.2464 0.2405, 3.5465 1.2467 0.2405, 3.5465 1.2837 0.3053, 3.5465 1.231 0.3674, 3.5465 1.2696 0.3053, 3.5465 1.231 0.2864, 3.5465 1.2484 0.2468, 3.5465 1.2473 0.2432, 3.5465 1.1495 0.2444, 3.5465 1.1357 0.3674, 3.5465 1.1357 0.2267, 3.5465 1.1543 0.2414, 3.5465 1.1558 0.2408, 3.5465 1.1558 0.2697, 3.5465 1.1535 0.2721, 3.5465 1.1517 0.2749, 3.5465 1.1502 0.2791, 3.5465 1.1496 0.2844, 3.5465 1.1502 0.2892, 3.5465 1.1557 0.2697, 3.5465 1.1622 0.2267, 3.5465 1.1587 0.2271, 3.5465 1.1558 0.2267, 3.5465 1.1558 0.2281, 3.5465 1.1495 0.2303, 3.5465 1.1706 0.2258, 3.5465 1.1558 0.1836, 3.5465 1.2056 0.1836, 3.5465 1.1983 0.3037, 3.5465 1.1983 0.2904, 3.5465 1.1584 0.3009, 3.5465 1.1621 0.3032, 3.5465 1.1558 0.3674, 3.5465 1.2014 0.2433, 3.5465 1.1997 0.239, 3.5465 1.1972 0.2354, 3.5465 1.1518 0.2936, 3.5465 1.1543 0.2973, 3.5465 1.1558 0.2987, 3.5465 1.1695 0.3059, 3.5465 1.1799 0.3071, 3.5465 1.2056 0.3674, 3.5465 1.1886 0.3064, 3.5465 1.1975 0.2616, 3.5465 1.2 0.2579, 3.5465 1.2015 0.2538, 3.5465 1.202 0.2488, 3.5465 1.1933 0.232, 3.5465 1.1893 0.2296, 3.5465 1.1786 0.2961, 3.5465 1.1745 0.2958, 3.5465 1.1637 0.2856, 3.5465 1.1709 0.2948, 3.5465 1.1678 0.2932, 3.5465 1.1638 0.2838, 3.5465 1.1643 0.2817, 3.5465 1.1653 0.2798, 3.5465 1.1667 0.2784, 3.5465 1.1715 0.2754, 3.5465 1.1881 0.2949, 3.5465 1.1799 0.2717, 3.5465 1.1958 0.2919, 3.5465 1.1852 0.2695, 3.5465 1.1942 0.2645, 3.5465 1.1658 0.2913, 3.5465 1.1646 0.2896, 3.5465 1.1639 0.2878, 3.5465 1.1628 0.2381, 3.5465 1.1703 0.2618, 3.5465 1.1621 0.2655, 3.5465 1.172 0.2369, 3.5465 1.1726 0.2369, 3.5465 1.1792 0.258, 3.5465 1.1796 0.2377, 3.5465 1.188 0.2474, 3.5465 1.1879 0.2491, 3.5465 1.1831 0.239, 3.5465 1.1843 0.2397, 3.5465 1.1859 0.2411, 3.5465 1.1871 0.2429, 3.5465 1.1878 0.2448, 3.5465 1.1873 0.2512, 3.5465 1.1862 0.2531, 3.5465 1.1845 0.2548, 3.5465 1.4692 0.3993, 3.5465 1.4338 0.4003, 3.5465 1.4183 0.4003, 3.5465 1.4072 0.43, 3.5465 1.3673 0.43, 3.5465 1.3673 0.3993, 3.5465 1.3924 0.5091, 3.5465 1.4692 0.51, 3.5465 1.3673 0.51, 3.5465 1.3619 0.43, 3.5465 1.3514 0.4003, 3.5465 1.3329 0.3993, 3.5465 1.3359 0.4003, 3.5465 1.3329 0.51, 3.5465 1.3673 0.4826, 3.5465 1.3773 0.5091, 3.5465 1.2182 0.5091, 3.5465 1.231 0.51, 3.5465 1.2056 0.51, 3.5465 1.1762 0.4493, 3.5465 1.1762 0.4127, 3.5465 1.2056 0.4493, 3.5465 1.2056 0.4127, 3.5465 1.2151 0.4493, 3.5465 1.2207 0.4127, 3.5465 1.2151 0.4617, 3.5465 1.2182 0.4966, 3.5465 1.2056 0.4617, 3.5465 1.2056 0.4966, 3.5465 1.1762 0.4617, 3.5465 1.1762 0.4966, 3.5465 1.1621 0.4003, 3.5465 1.1558 0.3993, 3.5465 1.2056 0.3993, 3.5465 1.231 0.3993, 3.5465 1.2207 0.4003, 3.5465 1.2056 0.4003, 3.5465 1.1558 0.51, 3.5465 1.1621 0.5091, 3.5465 1.2056 0.5091, 3.5465 3.2488 0.7953, 3.5465 3.2488 0.9921, 3.5465 3.111 0.7953, 3.5465 2.4095 0.9921, 3.5465 3.111 0.51, 3.5465 1.1123 0.4109, 3.5465 1.1187 0.4113, 3.5465 1.1357 0.4939, 3.5465 1.1308 0.4138, 3.5465 1.1357 0.4161, 3.5465 1.1376 0.4932, 3.5465 1.1404 0.4182, 3.5465 1.1404 0.4918, 3.5465 1.0842 0.4853, 3.5465 1.079 0.4777, 3.5465 1.0754 0.4683, 3.5465 1.0851 0.4862, 3.5465 1.1264 0.4971, 3.5465 1.1147 0.4982, 3.5465 1.0736 0.4535, 3.5465 1.0736 0.4519, 3.5465 1.0754 0.4387, 3.5465 1.0868 0.42, 3.5465 1.094 0.415, 3.5465 1.1019 0.4121, 3.5465 1.1105 0.4981, 3.5465 1.101 0.4962, 3.5465 1.0924 0.4923, 3.5465 1.0789 0.4299, 3.5465 1.0843 0.4224, 3.5465 1.1254 0.51, 3.5465 1.1305 0.5095, 3.5465 1.1357 0.51, 3.5465 1.1357 0.5079, 3.5465 1.1404 0.5065, 3.5465 1.1166 0.5109, 3.5465 1.1357 0.9921, 3.5465 1.1146 0.5109, 3.5465 1.0637 0.9921, 3.5465 1.107 0.51, 3.5465 1.0876 0.5047, 3.5465 1.0989 0.509, 3.5465 1.0637 0.51, 3.5465 1.0676 0.4861, 3.5465 1.0746 0.4949, 3.5465 1.077 0.4972, 3.5465 1.0572 0.51, 3.5465 1.0621 0.4743, 3.5465 1.0637 0.4778, 3.5465 1.061 0.4351, 3.5465 1.0572 0.3993, 3.5465 1.0589 0.4526, 3.5465 1.0593 0.4605, 3.5465 1.091 0.4015, 3.5465 1.0808 0.4065, 3.5465 1.0728 0.4133, 3.5465 1.0719 0.4144, 3.5465 1.1004 0.3993, 3.5465 1.0637 0.3674, 3.5465 1.1026 0.3989, 3.5465 1.1102 0.3984, 3.5465 1.1198 0.3993, 3.5465 1.1404 0.4048, 3.5465 1.1385 0.4038, 3.5465 1.1357 0.3993, 3.5465 1.1357 0.4029, 3.5465 1.1268 0.4, 3.5465 1.0739 0.2645, 3.5465 1.0762 0.2867, 3.5465 1.071 0.2601, 3.5465 1.0693 0.2551, 3.5465 1.1249 0.2989, 3.5465 1.1277 0.2945, 3.5465 1.0781 0.2681, 3.5465 1.0837 0.2711, 3.5465 1.085 0.2923, 3.5465 1.0944 0.2738, 3.5465 1.1063 0.2956, 3.5465 1.1017 0.2961, 3.5465 1.0935 0.2952, 3.5465 1.0799 0.2287, 3.5465 1.0753 0.2319, 3.5465 1.0637 0.2267, 3.5465 1.0738 0.2334, 3.5465 1.0709 0.2376, 3.5465 1.1109 0.3064, 3.5465 1.1167 0.3047, 3.5465 1.1213 0.3022, 3.5465 1.1299 0.2885, 3.5465 1.1311 0.2776, 3.5465 1.1311 0.2276, 3.5465 1.1174 0.2276, 3.5465 1.1174 0.2396, 3.5465 1.1171 0.2396, 3.5465 1.1149 0.2364, 3.5465 1.1106 0.2317, 3.5465 1.0693 0.2422, 3.5465 1.0686 0.2484, 3.5465 1.0762 0.2999, 3.5465 1.1174 0.277, 3.5465 1.117 0.2831, 3.5465 1.1156 0.2879, 3.5465 1.114 0.2907, 3.5465 1.0808 0.3024, 3.5465 1.0912 0.3059, 3.5465 1.103 0.3071, 3.5465 1.1119 0.2929, 3.5465 1.1095 0.2945, 3.5465 1.1007 0.2267, 3.5465 1.1003 0.2266, 3.5465 1.1357 0.1836, 3.5465 1.0637 0.1836, 3.5465 1.0933 0.2258, 3.5465 1.0854 0.2267, 3.5465 1.0851 0.2267, 3.5465 1.231 0.2498, 3.5465 1.2091 0.3053, 3.5465 1.2244 0.3053, 3.5465 1.2392 0.2267, 3.5465 1.2396 0.2278, 3.5465 1.231 0.2087, 3.5465 1.231 0.2088, 3.5465 1.231 0.2267, 3.5465 1.2336 0.2137, 3.5465 1.2119 0.2042, 3.5465 1.2119 0.1921, 3.5465 1.2147 0.2033, 3.5465 1.2197 0.2027, 3.5465 1.223 0.2031, 3.5465 1.231 0.1934, 3.5465 1.2262 0.1916, 3.5465 1.231 0.1836, 3.5465 1.2207 0.191, 3.5465 1.2177 0.1911, 3.5465 1.2259 0.2042, 3.5465 1.2284 0.2059, 3.5465 1.2485 0.2159, 3.5465 1.2423 0.2039, 3.5465 1.3329 0.1836, 3.5465 1.2527 0.2267, 3.5465 1.2373 0.1979, 3.5465 1.2364 0.197, 3.5465 1.2316 0.1937, 3.5465 1.3673 0.0079, 3.5465 1.3673 0.1836, 3.5465 1.3329 0.0079, 3.5465 1.231 0.0079, 3.5465 1.2056 0.0079, 3.5465 1.1558 0.0079, 3.5465 1.1357 0.0079, 3.5465 1.0637 0.0079, 3.5465 3.2488 0.0079, 3.5465 3.2488 0.1836, 3.5465 2.4095 0.0079, 3.5465 2.4095 0.1836, 3.5465 1.4692 0.0079, 3.5465 1.4692 0.1836, 3.5465 1.1058 0.2286, 3.5465 1.4692 0.2267, 3.5465 2.4095 0.2267, 3.5465 3.111 0.2047, 3.5465 3.2488 0.2047, 3.5465 0.997 0.3364, 3.5465 0.997 0.2276, 3.5465 1.0572 0.2267, 3.5465 1.0572 0.1836, 3.5465 1.0572 0.0079, 3.5465 1.0531 0.3364, 3.5465 1.0572 0.3674, 3.5465 1.0531 0.3239, 3.5465 1.0556 0.24, 3.5465 1.0556 0.2276, 3.5465 1.0111 0.2766, 3.5465 1.0111 0.24, 3.5465 1.05 0.2766, 3.5465 1.05 0.2891, 3.5465 1.0111 0.2891, 3.5465 1.0111 0.3239, 3.5465 1.3775 0.2276, 3.5465 1.4627 0.2623, 3.5465 1.457 0.2512, 3.5465 1.4258 0.2298, 3.5465 1.4075 0.2276, 3.5465 1.4603 0.3087, 3.5465 1.4644 0.2983, 3.5465 1.4692 0.3674, 3.5465 1.4661 0.2834, 3.5465 1.4656 0.2748, 3.5465 1.4497 0.2429, 3.5465 1.4382 0.2346, 3.5465 1.3775 0.3364, 3.5465 1.4086 0.3364, 3.5465 1.4252 0.3346, 3.5465 1.4383 0.3298, 3.5465 1.4497 0.322, 3.5465 1.4536 0.3182, 3.5465 1.4877 0.2276, 3.5465 1.4722 0.2276, 3.5465 1.5546 0.2276, 3.5465 1.5435 0.2574, 3.5465 1.4982 0.2574, 3.5465 1.5136 0.3364, 3.5465 1.5286 0.3364, 3.5465 0.997 0.4003, 3.5465 0.997 0.5091, 3.5465 1.0544 0.4003, 3.5465 1.3241 0.4813, 3.5465 1.3281 0.4709, 3.5465 1.3298 0.4561, 3.5465 1.3293 0.4474, 3.5465 1.3264 0.4349, 3.5465 1.3207 0.4239, 3.5465 1.3134 0.4155, 3.5465 1.3019 0.4073, 3.5465 1.2723 0.5091, 3.5465 1.2889 0.5073, 3.5465 1.302 0.5025, 3.5465 1.2895 0.4025, 3.5465 1.2712 0.4003, 3.5465 1.2412 0.4003, 3.5465 1.2412 0.5091, 3.5465 1.3134 0.4947, 3.5465 1.3173 0.4909, 3.5465 1.5701 0.2276, 3.5465 2.4095 0.3674, 3.5465 2.4095 0.3993, 3.5465 2.4095 0.51, 3.5465 1.0572 0.9921, 3.5465 3.111 0.2267, 3.5465 3.111 0.3674, 3.5465 3.111 0.3993, 3.5465 1.4692 0.9921, 3.5465 1.3673 0.9921, 3.5465 1.3329 0.9921, 3.5465 1.231 0.9921, 3.5465 1.2056 0.9921, 3.5465 1.1558 0.9921, -2.3276 3.111 0.2047, -2.7764 3.111 0.2047, -2.3276 3.111 0.7953, -2.7764 3.111 0.7953, -1.7764 3.111 0.7953, -1.3276 3.111 0.7953, -1.7764 3.111 0.2047, -1.3276 3.111 0.2047, -0.7764 3.111 0.7953, -0.3276 3.111 0.7953, -0.7764 3.111 0.2047, -0.3276 3.111 0.2047, 0.2236 3.111 0.7953, 0.6724 3.111 0.7953, 0.2236 3.111 0.2047, 0.6724 3.111 0.2047, 1.2236 3.111 0.7953, 1.6724 3.111 0.7953, 1.2236 3.111 0.2047, 1.6724 3.111 0.2047, 2.2236 3.111 0.7953, 2.6724 3.111 0.7953, 2.2236 3.111 0.2047, 2.6724 3.111 0.2047, -3.3276 3.111 0.2047, -3.6504 3.111 0.2047, -3.3276 3.111 0.7953, -3.6504 3.111 0.7953, -3.6504 3.2488 0.2047, -3.6504 3.2488 0.0079, -3.6504 3.2488 0.7953, -3.6504 3.2488 0.9921, -3.6504 -0.0976 0.0079, -3.6504 -0.0976 0.1555, -3.6504 -0.0976 0.9921, -3.4496 -0.0976 0.0079, -3.4496 -0.0976 0.1555, -3.4496 -0.0976 0.9921, -2.8551 -0.0976 0.6969, -2.552 -0.0976 0.9921, -3.2488 -0.0976 0.6969, -3.2488 -0.0976 0.3031, -2.8551 -0.0976 0.3031, -2.552 -0.0976 0.1555, -1.8551 -0.0976 0.6969, -1.552 -0.0976 0.9921, -2.2488 -0.0976 0.6969, -2.2488 -0.0976 0.3031, -1.8551 -0.0976 0.3031, -1.552 -0.0976 0.1555, -0.8551 -0.0976 0.6969, -0.552 -0.0976 0.9921, -1.2488 -0.0976 0.6969, -1.2488 -0.0976 0.3031, -0.8551 -0.0976 0.3031, -0.552 -0.0976 0.1555, 0.1449 -0.0976 0.6969, 0.448 -0.0976 0.9921, -0.2488 -0.0976 0.6969, -0.2488 -0.0976 0.3031, 0.1449 -0.0976 0.3031, 0.448 -0.0976 0.1555, 1.1449 -0.0976 0.6969, 1.448 -0.0976 0.9921, 0.7512 -0.0976 0.6969, 0.7512 -0.0976 0.3031, 1.1449 -0.0976 0.3031, 1.448 -0.0976 0.1555, 2.1449 -0.0976 0.6969, 2.448 -0.0976 0.9921, 1.7512 -0.0976 0.6969, 1.7512 -0.0976 0.3031, 2.1449 -0.0976 0.3031, 2.448 -0.0976 0.1555, 3.1449 -0.0976 0.6969, 2.7512 -0.0976 0.6969, 2.7512 -0.0976 0.3031, 3.1449 -0.0976 0.3031, 3.5465 -0.0976 0.1555, -2.552 -0.0976 0.0079, -1.552 -0.0976 0.0079, -0.552 -0.0976 0.0079, 0.448 -0.0976 0.0079, 1.448 -0.0976 0.0079, 2.448 -0.0976 0.0079, 3.2236 3.111 0.2047, 2.6724 1.1425 0.2047, 3.2236 1.1425 0.2047, -3.3276 1.1425 0.2047, -2.7764 1.1425 0.2047, -2.3276 1.1425 0.2047, -1.7764 1.1425 0.2047, -1.3276 1.1425 0.2047, -0.7764 1.1425 0.2047, -0.3276 1.1425 0.2047, 0.2236 1.1425 0.2047, 0.6724 1.1425 0.2047, 1.2236 1.1425 0.2047, 2.2236 1.1425 0.2047, 1.6724 1.1425 0.2047, 3.2236 3.111 0.7953, 2.2236 1.1425 0.7953, 1.6724 1.1425 0.7953, 0.6724 1.1425 0.7953, 1.2236 1.1425 0.7953, -0.7764 1.1425 0.7953, -1.3276 1.1425 0.7953, 2.6724 1.1425 0.7953, 3.2236 1.1425 0.7953, -0.3276 1.1425 0.7953, 0.2236 1.1425 0.7953, -2.7764 1.1425 0.7953, -3.3276 1.1425 0.7953, -2.3276 1.1425 0.7953, -1.7764 1.1425 0.7953, -2.9339 -0.0189 0.6181, -2.9339 1.1425 0.6181, -2.9339 -0.0189 0.3819, -2.9339 1.1425 0.3819, -3.1701 -0.0189 0.3819, -3.1701 1.1425 0.3819, -3.1701 -0.0189 0.6181, -3.1701 1.1425 0.6181, 3.0661 -0.0189 0.6181, 3.0661 1.1425 0.6181, 3.0661 -0.0189 0.3819, 3.0661 1.1425 0.3819, 2.8299 -0.0189 0.3819, 2.8299 1.1425 0.3819, 2.8299 -0.0189 0.6181, 2.8299 1.1425 0.6181, 2.0661 -0.0189 0.6181, 2.0661 1.1425 0.6181, 2.0661 -0.0189 0.3819, 2.0661 1.1425 0.3819, 1.8299 -0.0189 0.3819, 1.8299 1.1425 0.3819, 1.8299 -0.0189 0.6181, 1.8299 1.1425 0.6181, 1.0661 -0.0189 0.6181, 1.0661 1.1425 0.6181, 1.0661 -0.0189 0.3819, 1.0661 1.1425 0.3819, 0.8299 -0.0189 0.3819, 0.8299 1.1425 0.3819, 0.8299 -0.0189 0.6181, 0.8299 1.1425 0.6181, 0.0661 -0.0189 0.6181, 0.0661 1.1425 0.6181, 0.0661 -0.0189 0.3819, 0.0661 1.1425 0.3819, -0.1701 -0.0189 0.3819, -0.1701 1.1425 0.3819, -0.1701 -0.0189 0.6181, -0.1701 1.1425 0.6181, -0.9339 -0.0189 0.6181, -0.9339 1.1425 0.6181, -0.9339 -0.0189 0.3819, -0.9339 1.1425 0.3819, -1.1701 -0.0189 0.3819, -1.1701 1.1425 0.3819, -1.1701 -0.0189 0.6181, -1.1701 1.1425 0.6181, -1.9339 -0.0189 0.6181, -1.9339 1.1425 0.6181, -1.9339 -0.0189 0.3819, -1.9339 1.1425 0.3819, -2.1701 -0.0189 0.3819, -2.1701 1.1425 0.3819, -2.1701 -0.0189 0.6181, -2.1701 1.1425 0.6181
            ]
        }
        coordIndex [
            0,1,2,-1,3,4,5,-1,6,7,8,-1,9,10,11,-1,12,13,14,-1,14,13,15,-1,16,17,14,-1,14,17,18,-1,14,18,19,-1,19,20,14,-1,14,20,21,-1,14,21,12,-1,22,23,24,-1,24,23,25,-1,25,23,26,-1,25,26,27,-1,22,24,28,-1,28,24,29,-1,28,29,30,-1,31,32,29,-1,29,32,33,-1,29,33,34,-1,29,35,30,-1,30,35,36,-1,30,36,37,-1,37,36,38,-1,37,38,39,-1,34,40,29,-1,29,40,41,-1,29,41,35,-1,42,43,44,-1,42,44,45,-1,43,46,44,-1,44,46,47,-1,44,47,48,-1,48,47,49,-1,49,50,48,-1,48,50,51,-1,48,51,31,-1,31,51,52,-1,31,52,32,-1,53,45,54,-1,54,45,44,-1,54,44,55,-1,55,44,56,-1,57,58,59,-1,59,58,60,-1,60,61,59,-1,59,61,62,-1,59,62,63,-1,63,62,64,-1,63,64,65,-1,65,64,66,-1,65,66,44,-1,44,66,67,-1,44,67,56,-1,68,69,57,-1,57,69,70,-1,57,70,71,-1,71,72,57,-1,57,72,73,-1,57,73,58,-1,74,75,76,-1,77,78,79,-1,80,81,68,-1,82,83,84,-1,84,83,85,-1,77,79,86,-1,80,68,87,-1,88,89,83,-1,83,89,90,-1,83,90,91,-1,76,75,68,-1,68,75,92,-1,68,92,87,-1,78,93,79,-1,79,93,94,-1,79,94,95,-1,96,97,98,-1,98,97,99,-1,98,99,100,-1,101,91,102,-1,102,91,103,-1,102,103,98,-1,98,103,104,-1,98,104,96,-1,101,105,91,-1,91,105,106,-1,91,106,83,-1,83,106,107,-1,83,107,85,-1,108,109,110,-1,110,109,111,-1,110,111,79,-1,79,111,112,-1,79,112,86,-1,113,114,79,-1,79,114,115,-1,79,115,83,-1,83,115,116,-1,83,116,88,-1,117,118,69,-1,69,118,119,-1,69,119,120,-1,120,121,69,-1,69,121,122,-1,69,122,123,-1,123,122,108,-1,123,108,124,-1,124,108,110,-1,81,125,68,-1,68,125,126,-1,68,126,69,-1,69,126,127,-1,69,127,117,-1,95,128,79,-1,79,128,129,-1,79,129,130,-1,130,131,79,-1,79,131,132,-1,79,132,113,-1,133,134,135,-1,135,91,133,-1,133,91,90,-1,133,90,136,-1,136,90,137,-1,137,138,136,-1,136,138,139,-1,136,139,140,-1,141,142,143,-1,142,144,143,-1,143,144,145,-1,143,145,146,-1,147,143,148,-1,134,133,147,-1,147,133,149,-1,147,149,143,-1,143,149,150,-1,143,150,141,-1,148,151,147,-1,147,151,152,-1,147,152,153,-1,146,145,154,-1,154,145,155,-1,154,155,156,-1,156,155,157,-1,156,157,158,-1,159,160,153,-1,153,160,161,-1,153,161,147,-1,13,162,15,-1,15,162,163,-1,15,163,76,-1,76,163,164,-1,76,164,74,-1,165,166,167,-1,11,10,168,-1,168,10,169,-1,168,169,170,-1,171,172,173,-1,173,172,174,-1,173,174,175,-1,175,174,165,-1,175,165,176,-1,177,178,179,-1,179,178,180,-1,179,180,170,-1,167,166,181,-1,181,166,182,-1,181,182,183,-1,184,185,186,-1,187,188,189,-1,189,188,190,-1,189,190,191,-1,191,190,184,-1,191,184,192,-1,192,184,186,-1,193,194,195,-1,196,197,198,-1,199,200,193,-1,200,201,193,-1,193,201,202,-1,193,202,194,-1,194,202,203,-1,196,198,193,-1,193,198,204,-1,193,204,199,-1,205,206,207,-1,207,206,208,-1,207,208,195,-1,195,208,209,-1,195,209,193,-1,210,211,7,-1,7,211,212,-1,7,212,8,-1,213,214,8,-1,215,216,217,-1,218,219,8,-1,8,219,220,-1,203,221,194,-1,194,221,222,-1,194,222,217,-1,217,222,223,-1,217,223,215,-1,216,224,217,-1,217,224,225,-1,217,225,226,-1,226,225,227,-1,226,227,213,-1,228,229,214,-1,214,229,230,-1,214,230,8,-1,8,230,231,-1,8,231,218,-1,220,232,8,-1,8,232,233,-1,8,233,6,-1,234,235,236,-1,236,235,237,-1,236,237,238,-1,236,239,234,-1,234,239,240,-1,234,240,241,-1,241,242,234,-1,234,242,243,-1,234,243,244,-1,244,243,245,-1,244,245,246,-1,246,245,247,-1,246,247,214,-1,214,247,248,-1,214,248,228,-1,249,250,238,-1,238,250,251,-1,238,251,236,-1,252,253,197,-1,197,253,254,-1,197,254,198,-1,252,255,253,-1,253,255,256,-1,253,256,257,-1,257,256,258,-1,257,259,260,-1,258,261,257,-1,257,261,262,-1,257,262,263,-1,263,264,257,-1,257,264,265,-1,257,265,259,-1,260,266,257,-1,257,266,267,-1,257,267,268,-1,269,270,271,-1,272,273,271,-1,271,273,274,-1,271,274,269,-1,270,269,275,-1,275,269,276,-1,275,276,277,-1,273,278,274,-1,274,278,279,-1,274,279,280,-1,280,279,281,-1,280,281,282,-1,282,281,283,-1,282,283,277,-1,277,283,284,-1,277,284,275,-1,285,286,287,-1,288,289,290,-1,290,289,291,-1,290,291,292,-1,292,291,293,-1,292,293,294,-1,294,293,295,-1,294,295,296,-1,296,295,297,-1,296,297,298,-1,298,297,299,-1,300,301,302,-1,285,295,286,-1,286,295,293,-1,286,293,303,-1,303,293,304,-1,303,304,302,-1,302,304,305,-1,302,305,300,-1,306,307,287,-1,287,307,308,-1,287,308,285,-1,309,310,311,-1,311,310,312,-1,311,312,313,-1,314,315,316,-1,315,317,316,-1,316,317,318,-1,316,318,319,-1,319,318,320,-1,319,320,321,-1,321,320,301,-1,321,301,306,-1,306,301,300,-1,306,300,307,-1,322,323,316,-1,316,323,324,-1,322,316,325,-1,325,316,326,-1,325,326,327,-1,324,328,316,-1,316,328,329,-1,316,329,330,-1,331,332,316,-1,316,332,333,-1,316,333,314,-1,327,334,325,-1,325,334,335,-1,325,335,336,-1,330,337,316,-1,316,337,338,-1,316,338,331,-1,339,340,341,-1,341,340,342,-1,341,342,306,-1,306,342,343,-1,306,343,321,-1,344,345,346,-1,346,345,347,-1,346,347,348,-1,349,350,351,-1,352,353,351,-1,351,353,354,-1,351,354,349,-1,355,356,351,-1,351,356,357,-1,351,357,352,-1,4,358,359,-1,359,358,360,-1,359,360,355,-1,355,360,361,-1,355,361,356,-1,362,363,5,-1,363,364,5,-1,5,364,365,-1,5,365,3,-1,362,5,366,-1,366,5,367,-1,366,367,368,-1,368,367,369,-1,369,367,194,-1,369,194,370,-1,320,371,301,-1,301,371,372,-1,301,372,373,-1,373,372,374,-1,373,374,375,-1,376,377,378,-1,378,377,379,-1,194,380,381,-1,376,382,377,-1,377,382,383,-1,377,383,384,-1,384,383,385,-1,386,387,385,-1,385,387,388,-1,385,388,384,-1,389,390,391,-1,391,390,392,-1,391,392,393,-1,394,395,194,-1,194,395,396,-1,194,396,380,-1,381,397,194,-1,194,397,398,-1,194,398,195,-1,195,398,399,-1,195,399,400,-1,401,402,400,-1,400,402,403,-1,400,403,404,-1,393,405,391,-1,391,405,406,-1,391,406,367,-1,367,406,379,-1,367,379,407,-1,407,379,377,-1,408,409,385,-1,385,409,410,-1,385,410,411,-1,407,412,367,-1,367,412,413,-1,367,413,194,-1,194,413,414,-1,194,414,394,-1,411,415,385,-1,385,415,416,-1,385,416,386,-1,417,418,419,-1,419,418,420,-1,418,421,420,-1,420,421,422,-1,420,422,391,-1,391,422,423,-1,391,423,389,-1,424,425,8,-1,213,8,226,-1,226,8,425,-1,226,425,188,-1,188,425,426,-1,188,426,190,-1,427,428,424,-1,429,430,431,-1,431,430,432,-1,431,432,427,-1,427,424,431,-1,431,424,8,-1,431,8,433,-1,433,8,212,-1,433,212,434,-1,433,435,431,-1,431,435,436,-1,431,436,437,-1,438,439,440,-1,440,439,441,-1,440,441,212,-1,212,441,442,-1,212,442,434,-1,437,443,431,-1,431,443,444,-1,431,444,429,-1,445,446,447,-1,445,447,448,-1,446,449,447,-1,447,449,450,-1,447,450,440,-1,440,450,451,-1,440,451,438,-1,452,453,454,-1,454,453,447,-1,454,447,455,-1,455,447,440,-1,455,440,456,-1,456,440,212,-1,456,212,457,-1,457,212,211,-1,457,211,458,-1,458,211,419,-1,458,419,459,-1,459,419,420,-1,460,461,462,-1,462,461,463,-1,462,463,464,-1,464,463,465,-1,464,465,452,-1,210,205,211,-1,211,205,207,-1,211,207,419,-1,419,207,195,-1,419,195,417,-1,417,195,400,-1,417,400,466,-1,466,400,404,-1,453,167,447,-1,447,167,181,-1,447,181,448,-1,448,181,183,-1,448,183,187,-1,187,183,9,-1,187,9,188,-1,188,9,11,-1,467,465,468,-1,468,465,463,-1,468,463,469,-1,469,463,461,-1,469,461,470,-1,471,76,472,-1,472,76,68,-1,472,68,473,-1,473,68,57,-1,473,57,474,-1,474,57,59,-1,474,59,475,-1,471,476,477,-1,476,478,477,-1,477,478,479,-1,477,479,473,-1,473,479,480,-1,473,480,472,-1,481,482,483,-1,483,482,479,-1,483,479,484,-1,484,479,478,-1,484,478,485,-1,485,478,486,-1,180,176,170,-1,170,176,165,-1,170,165,168,-1,168,165,167,-1,168,167,487,-1,467,488,489,-1,467,490,491,-1,492,493,494,-1,494,493,495,-1,494,495,467,-1,467,495,496,-1,467,496,488,-1,489,497,467,-1,467,497,498,-1,467,498,490,-1,452,465,453,-1,453,465,467,-1,453,467,167,-1,167,467,491,-1,167,491,487,-1,487,499,168,-1,168,499,500,-1,168,500,494,-1,494,500,501,-1,494,501,502,-1,502,503,494,-1,494,503,504,-1,494,504,492,-1,505,506,467,-1,507,508,509,-1,467,506,494,-1,494,506,510,-1,494,510,511,-1,4,359,5,-1,5,359,477,-1,5,477,367,-1,367,477,473,-1,367,473,391,-1,391,473,474,-1,391,474,420,-1,420,474,475,-1,420,475,459,-1,494,269,168,-1,168,269,274,-1,168,274,11,-1,11,274,280,-1,11,280,188,-1,188,280,303,-1,188,303,226,-1,226,303,302,-1,226,302,217,-1,217,302,301,-1,217,301,194,-1,194,301,373,-1,194,373,370,-1,370,373,375,-1,471,477,76,-1,76,477,359,-1,76,359,15,-1,15,359,512,-1,15,512,14,-1,512,513,14,-1,14,513,0,-1,14,0,355,-1,355,0,2,-1,355,2,359,-1,359,2,514,-1,359,514,512,-1,515,516,282,-1,282,516,517,-1,282,517,280,-1,280,517,518,-1,280,518,519,-1,519,520,280,-1,280,520,521,-1,280,521,522,-1,286,523,282,-1,282,523,524,-1,282,524,525,-1,522,526,280,-1,280,526,527,-1,280,527,303,-1,303,527,528,-1,303,528,286,-1,286,528,529,-1,286,529,523,-1,525,530,282,-1,282,530,531,-1,282,531,515,-1,509,505,507,-1,507,505,467,-1,507,467,532,-1,532,467,468,-1,532,468,511,-1,511,468,533,-1,511,533,494,-1,494,533,534,-1,494,534,269,-1,269,534,535,-1,269,535,276,-1,350,348,351,-1,351,348,347,-1,351,347,355,-1,355,347,536,-1,355,536,14,-1,14,536,25,-1,14,25,16,-1,16,25,27,-1,469,537,468,-1,468,537,538,-1,468,538,533,-1,533,538,539,-1,533,539,534,-1,534,539,313,-1,534,313,535,-1,535,313,312,-1,535,312,276,-1,276,312,540,-1,276,540,277,-1,277,540,541,-1,277,541,282,-1,282,541,542,-1,282,542,286,-1,286,542,543,-1,286,543,287,-1,287,543,544,-1,287,544,306,-1,306,544,545,-1,306,545,341,-1,341,545,345,-1,341,345,339,-1,339,345,344,-1,546,547,548,-1,548,547,549,-1,550,551,552,-1,552,551,553,-1,554,555,556,-1,556,555,557,-1,558,559,560,-1,560,559,561,-1,562,563,564,-1,564,563,565,-1,566,567,568,-1,568,567,569,-1,570,571,572,-1,572,571,573,-1,470,460,574,-1,574,460,575,-1,576,577,309,-1,309,577,310,-1,571,574,575,-1,577,576,573,-1,575,578,571,-1,571,578,579,-1,571,579,573,-1,573,579,580,-1,573,580,577,-1,579,578,581,-1,579,582,580,-1,580,582,583,-1,584,585,586,-1,586,585,583,-1,586,583,587,-1,587,583,582,-1,587,582,588,-1,588,582,589,-1,588,589,584,-1,584,589,585,-1,590,591,592,-1,592,591,585,-1,592,585,593,-1,593,585,589,-1,593,589,594,-1,594,589,595,-1,594,595,590,-1,590,595,591,-1,596,597,598,-1,598,597,591,-1,598,591,599,-1,599,591,595,-1,599,595,600,-1,600,595,601,-1,600,601,596,-1,596,601,597,-1,602,603,604,-1,604,603,597,-1,604,597,605,-1,605,597,601,-1,605,601,606,-1,606,601,607,-1,606,607,602,-1,602,607,603,-1,608,609,610,-1,610,609,603,-1,610,603,611,-1,611,603,607,-1,611,607,612,-1,612,607,613,-1,612,613,608,-1,608,613,609,-1,614,615,616,-1,616,615,609,-1,616,609,617,-1,617,609,613,-1,617,613,618,-1,618,613,619,-1,618,619,614,-1,614,619,615,-1,620,24,621,-1,621,24,615,-1,621,615,622,-1,622,615,619,-1,622,619,623,-1,623,619,624,-1,623,624,620,-1,620,624,24,-1,579,581,582,-1,582,581,625,-1,582,625,589,-1,589,625,626,-1,589,626,595,-1,595,626,627,-1,595,627,601,-1,601,627,628,-1,601,628,607,-1,607,628,629,-1,607,629,613,-1,613,629,630,-1,613,630,619,-1,619,630,63,-1,619,63,624,-1,580,583,577,-1,577,583,585,-1,585,591,577,-1,577,591,597,-1,577,597,310,-1,310,597,603,-1,603,609,310,-1,310,609,615,-1,310,615,24,-1,460,63,630,-1,630,629,460,-1,460,629,628,-1,460,628,575,-1,575,628,627,-1,575,627,626,-1,626,625,575,-1,575,625,581,-1,575,581,578,-1,469,470,631,-1,631,470,574,-1,569,632,633,-1,574,571,570,-1,634,635,570,-1,570,635,547,-1,570,547,574,-1,574,547,546,-1,636,637,546,-1,546,637,552,-1,546,552,574,-1,574,552,553,-1,638,639,553,-1,553,639,556,-1,553,556,574,-1,574,556,557,-1,640,641,557,-1,557,641,560,-1,557,560,574,-1,574,560,561,-1,642,643,561,-1,561,643,564,-1,561,564,574,-1,574,564,565,-1,633,631,569,-1,569,631,574,-1,569,574,568,-1,568,574,565,-1,568,565,644,-1,644,565,645,-1,646,311,631,-1,631,311,469,-1,576,309,646,-1,646,309,311,-1,566,647,648,-1,572,573,576,-1,563,562,576,-1,558,576,559,-1,559,576,562,-1,559,562,649,-1,649,562,650,-1,554,651,652,-1,648,563,566,-1,566,563,576,-1,566,576,567,-1,567,576,646,-1,567,646,653,-1,653,646,654,-1,551,550,576,-1,652,551,554,-1,554,551,576,-1,554,576,555,-1,555,576,558,-1,555,558,655,-1,655,558,656,-1,549,657,658,-1,658,572,549,-1,549,572,576,-1,549,576,548,-1,548,576,550,-1,548,550,659,-1,659,550,660,-1,661,662,663,-1,663,662,664,-1,663,664,665,-1,665,664,666,-1,665,666,667,-1,667,666,668,-1,667,668,661,-1,661,668,662,-1,662,657,664,-1,664,657,635,-1,664,635,666,-1,666,635,634,-1,666,634,668,-1,668,634,658,-1,668,658,662,-1,662,658,657,-1,658,634,572,-1,572,634,570,-1,635,657,547,-1,547,657,549,-1,584,661,588,-1,588,661,663,-1,586,667,584,-1,584,667,661,-1,665,587,663,-1,663,587,588,-1,587,665,586,-1,586,665,667,-1,669,670,671,-1,671,670,672,-1,671,672,673,-1,673,672,674,-1,673,674,675,-1,675,674,676,-1,675,676,669,-1,669,676,670,-1,677,678,679,-1,679,678,680,-1,679,680,681,-1,681,680,682,-1,681,682,683,-1,683,682,684,-1,683,684,677,-1,677,684,678,-1,685,686,687,-1,687,686,688,-1,687,688,689,-1,689,688,690,-1,689,690,691,-1,691,690,692,-1,691,692,685,-1,685,692,686,-1,693,694,695,-1,695,694,696,-1,695,696,697,-1,697,696,698,-1,697,698,699,-1,699,698,700,-1,699,700,693,-1,693,700,694,-1,701,702,703,-1,703,702,704,-1,703,704,705,-1,705,704,706,-1,705,706,707,-1,707,706,708,-1,707,708,701,-1,701,708,702,-1,709,710,711,-1,711,710,712,-1,711,712,713,-1,713,712,714,-1,713,714,715,-1,715,714,716,-1,715,716,709,-1,709,716,710,-1,710,660,712,-1,712,660,637,-1,712,637,714,-1,714,637,636,-1,714,636,716,-1,716,636,659,-1,716,659,710,-1,710,659,660,-1,659,636,548,-1,548,636,546,-1,637,660,552,-1,552,660,550,-1,702,651,704,-1,704,651,639,-1,704,639,706,-1,706,639,638,-1,706,638,708,-1,708,638,652,-1,708,652,702,-1,702,652,651,-1,652,638,551,-1,551,638,553,-1,639,651,556,-1,556,651,554,-1,694,656,696,-1,696,656,641,-1,696,641,698,-1,698,641,640,-1,698,640,700,-1,700,640,655,-1,700,655,694,-1,694,655,656,-1,655,640,555,-1,555,640,557,-1,641,656,560,-1,560,656,558,-1,686,650,688,-1,688,650,643,-1,688,643,690,-1,690,643,642,-1,690,642,692,-1,692,642,649,-1,692,649,686,-1,686,649,650,-1,649,642,559,-1,559,642,561,-1,643,650,564,-1,564,650,562,-1,678,647,680,-1,680,647,644,-1,680,644,682,-1,682,644,645,-1,682,645,684,-1,684,645,648,-1,684,648,678,-1,678,648,647,-1,648,645,563,-1,563,645,565,-1,644,647,568,-1,568,647,566,-1,670,654,672,-1,672,654,633,-1,672,633,674,-1,674,633,632,-1,674,632,676,-1,676,632,653,-1,676,653,670,-1,670,653,654,-1,653,632,567,-1,567,632,569,-1,633,654,631,-1,631,654,646,-1,590,709,594,-1,594,709,711,-1,592,715,590,-1,590,715,709,-1,713,593,711,-1,711,593,594,-1,593,713,592,-1,592,713,715,-1,596,701,600,-1,600,701,703,-1,598,707,596,-1,596,707,701,-1,705,599,703,-1,703,599,600,-1,599,705,598,-1,598,705,707,-1,602,693,606,-1,606,693,695,-1,604,699,602,-1,602,699,693,-1,697,605,695,-1,695,605,606,-1,605,697,604,-1,604,697,699,-1,608,685,612,-1,612,685,687,-1,610,691,608,-1,608,691,685,-1,689,611,687,-1,687,611,612,-1,611,689,610,-1,610,689,691,-1,614,677,618,-1,618,677,679,-1,616,683,614,-1,614,683,677,-1,681,617,679,-1,679,617,618,-1,617,681,616,-1,616,681,683,-1,620,669,623,-1,623,669,671,-1,621,675,620,-1,620,675,669,-1,673,622,671,-1,671,622,623,-1,622,673,621,-1,621,673,675,-1,
        ]
    }
}
Shape{
    appearance Appearance {
        material  Material 	{
            diffuseColor 1.0 1.0 1.0
            specularColor 0.5019607843137255 0.5019607843137255 0.5019607843137255
            ambientIntensity 1.0
            transparency 0.0
            shininess 0.5
        }
    }
    geometry IndexedFaceSet {
        ccw TRUE
        solid FALSE
        coord DEF co Coordinate {
            point [
                3.5504 1.0544 0.4127, 3.5504 1.0544 0.4003, 3.5465 1.0544 0.4127, 3.5465 1.0544 0.4003, 3.5504 1.0111 0.4127, 3.5465 1.0111 0.4127, 3.5504 1.0111 0.5091, 3.5465 1.0111 0.5091, 3.5504 0.997 0.5091, 3.5465 0.997 0.5091, 3.5504 0.997 0.4003, 3.5465 0.997 0.4003, 3.5504 1.1268 0.4, 3.5504 1.1102 0.3984, 3.5465 1.1102 0.3984, 3.5465 1.1198 0.3993, 3.5465 1.1268 0.4, 3.5504 1.1385 0.4038, 3.5465 1.1357 0.4029, 3.5465 1.1385 0.4038, 3.5465 1.1404 0.4048, 3.5504 1.1404 0.4048, 3.5504 1.1404 0.4182, 3.5465 1.1404 0.4182, 3.5465 1.1357 0.4161, 3.5504 1.1308 0.4138, 3.5465 1.1308 0.4138, 3.5465 1.1187 0.4113, 3.5504 1.1187 0.4113, 3.5465 1.1123 0.4109, 3.5504 1.1123 0.4109, 3.5465 1.1019 0.4121, 3.5504 1.1019 0.4121, 3.5465 1.094 0.415, 3.5504 1.094 0.415, 3.5465 1.0868 0.42, 3.5504 1.0868 0.42, 3.5465 1.0843 0.4224, 3.5504 1.0843 0.4224, 3.5465 1.0789 0.4299, 3.5504 1.0789 0.4299, 3.5465 1.0754 0.4387, 3.5504 1.0754 0.4387, 3.5465 1.0736 0.4519, 3.5504 1.0736 0.4519, 3.5465 1.0736 0.4535, 3.5504 1.0736 0.4535, 3.5465 1.0754 0.4683, 3.5504 1.0754 0.4683, 3.5465 1.079 0.4777, 3.5504 1.079 0.4777, 3.5465 1.0842 0.4853, 3.5504 1.0842 0.4853, 3.5465 1.0851 0.4862, 3.5504 1.0851 0.4862, 3.5465 1.0924 0.4923, 3.5504 1.0924 0.4923, 3.5465 1.101 0.4962, 3.5504 1.101 0.4962, 3.5465 1.1105 0.4981, 3.5504 1.1105 0.4981, 3.5465 1.1147 0.4982, 3.5504 1.1147 0.4982, 3.5465 1.1404 0.4918, 3.5504 1.1404 0.4918, 3.5504 1.1376 0.4932, 3.5465 1.1264 0.4971, 3.5504 1.1264 0.4971, 3.5465 1.1357 0.4939, 3.5465 1.1376 0.4932, 3.5504 1.1404 0.5065, 3.5465 1.1404 0.5065, 3.5465 1.1146 0.5109, 3.5504 1.1146 0.5109, 3.5504 1.1166 0.5109, 3.5465 1.1357 0.5079, 3.5504 1.1305 0.5095, 3.5465 1.1305 0.5095, 3.5465 1.1254 0.51, 3.5465 1.1166 0.5109, 3.5465 1.107 0.51, 3.5504 1.0989 0.509, 3.5465 1.0989 0.509, 3.5465 1.0876 0.5047, 3.5504 1.0876 0.5047, 3.5465 1.077 0.4972, 3.5504 1.077 0.4972, 3.5465 1.0746 0.4949, 3.5504 1.0746 0.4949, 3.5465 1.0676 0.4861, 3.5465 1.0637 0.4778, 3.5504 1.0621 0.4743, 3.5504 1.0676 0.4861, 3.5465 1.0621 0.4743, 3.5465 1.0593 0.4605, 3.5504 1.0593 0.4605, 3.5465 1.0589 0.4526, 3.5504 1.0589 0.4526, 3.5465 1.061 0.4351, 3.5465 1.0637 0.4279, 3.5504 1.0654 0.4237, 3.5504 1.061 0.4351, 3.5465 1.0654 0.4237, 3.5465 1.0719 0.4144, 3.5504 1.0719 0.4144, 3.5465 1.0728 0.4133, 3.5504 1.0728 0.4133, 3.5504 1.1026 0.3989, 3.5465 1.0808 0.4065, 3.5504 1.0808 0.4065, 3.5465 1.091 0.4015, 3.5504 1.091 0.4015, 3.5465 1.1004 0.3993, 3.5465 1.1026 0.3989, 3.5504 1.2207 0.4127, 3.5504 1.2207 0.4003, 3.5465 1.2207 0.4127, 3.5465 1.2207 0.4003, 3.5465 1.1762 0.4127, 3.5504 1.1762 0.4127, 3.5465 1.2056 0.4127, 3.5504 1.1762 0.4493, 3.5465 1.1762 0.4493, 3.5504 1.2151 0.4493, 3.5465 1.2056 0.4493, 3.5465 1.2151 0.4493, 3.5504 1.2151 0.4617, 3.5465 1.2151 0.4617, 3.5465 1.1762 0.4617, 3.5504 1.1762 0.4617, 3.5465 1.2056 0.4617, 3.5504 1.1762 0.4966, 3.5465 1.1762 0.4966, 3.5465 1.2182 0.4966, 3.5504 1.2182 0.4966, 3.5465 1.2056 0.4966, 3.5504 1.2182 0.5091, 3.5465 1.2182 0.5091, 3.5465 1.1621 0.5091, 3.5504 1.1621 0.5091, 3.5465 1.2056 0.5091, 3.5504 1.1621 0.4003, 3.5465 1.1621 0.4003, 3.5465 1.2056 0.4003, 3.5504 1.309 0.431, 3.5504 1.3034 0.424, 3.5504 1.3134 0.4155, 3.5504 1.3021 0.4228, 3.5504 1.3019 0.4073, 3.5504 1.295 0.4179, 3.5504 1.2895 0.4025, 3.5504 1.286 0.4144, 3.5504 1.2712 0.4003, 3.5504 1.2711 0.4127, 3.5504 1.2412 0.4003, 3.5504 1.2553 0.4127, 3.5504 1.2412 0.5091, 3.5504 1.2553 0.4966, 3.5504 1.2723 0.5091, 3.5504 1.2717 0.4966, 3.5504 1.2889 0.5073, 3.5504 1.2859 0.495, 3.5504 1.302 0.5025, 3.5504 1.2953 0.4916, 3.5504 1.3134 0.4947, 3.5504 1.3031 0.4863, 3.5504 1.3173 0.4909, 3.5504 1.307 0.4823, 3.5504 1.3241 0.4813, 3.5504 1.311 0.476, 3.5504 1.3281 0.4709, 3.5504 1.3139 0.4675, 3.5504 1.3298 0.4561, 3.5504 1.3151 0.4557, 3.5504 1.3293 0.4474, 3.5504 1.3148 0.4493, 3.5504 1.3264 0.4349, 3.5504 1.3127 0.4392, 3.5504 1.3207 0.4239, 3.5465 1.2712 0.4003, 3.5465 1.2412 0.4003, 3.5465 1.2895 0.4025, 3.5465 1.3019 0.4073, 3.5465 1.3134 0.4155, 3.5465 1.3207 0.4239, 3.5465 1.3264 0.4349, 3.5465 1.3293 0.4474, 3.5465 1.3298 0.4561, 3.5465 1.3281 0.4709, 3.5465 1.3241 0.4813, 3.5465 1.3173 0.4909, 3.5465 1.3134 0.4947, 3.5465 1.302 0.5025, 3.5465 1.2889 0.5073, 3.5465 1.2723 0.5091, 3.5465 1.2412 0.5091, 3.5465 1.2717 0.4966, 3.5465 1.2553 0.4966, 3.5465 1.2553 0.4127, 3.5465 1.2711 0.4127, 3.5465 1.3034 0.424, 3.5465 1.3021 0.4228, 3.5465 1.295 0.4179, 3.5465 1.286 0.4144, 3.5465 1.3151 0.4557, 3.5465 1.3148 0.4493, 3.5465 1.3127 0.4392, 3.5465 1.309 0.431, 3.5465 1.3031 0.4863, 3.5465 1.307 0.4823, 3.5465 1.311 0.476, 3.5465 1.3139 0.4675, 3.5465 1.2859 0.495, 3.5465 1.2953 0.4916
            ]
        }
        coordIndex [
            0,1,2,-1,2,1,3,-1,4,0,5,-1,5,0,2,-1,6,4,7,-1,7,4,5,-1,8,6,9,-1,9,6,7,-1,10,8,11,-1,11,8,9,-1,1,10,3,-1,3,10,11,-1,6,8,4,-1,4,8,10,-1,4,10,0,-1,0,10,1,-1,12,13,14,-1,14,15,12,-1,12,15,16,-1,12,16,17,-1,17,16,18,-1,18,19,17,-1,17,19,20,-1,17,20,21,-1,22,21,23,-1,23,21,20,-1,22,23,24,-1,22,24,25,-1,24,26,25,-1,25,26,27,-1,25,27,28,-1,28,27,29,-1,28,29,30,-1,30,29,31,-1,30,31,32,-1,32,31,33,-1,32,33,34,-1,34,33,35,-1,34,35,36,-1,36,35,37,-1,36,37,38,-1,38,37,39,-1,38,39,40,-1,40,39,41,-1,40,41,42,-1,42,41,43,-1,42,43,44,-1,44,43,45,-1,44,45,46,-1,46,45,47,-1,46,47,48,-1,48,47,49,-1,48,49,50,-1,50,49,51,-1,50,51,52,-1,52,51,53,-1,52,53,54,-1,54,53,55,-1,54,55,56,-1,56,55,57,-1,56,57,58,-1,58,57,59,-1,58,59,60,-1,60,59,61,-1,60,61,62,-1,63,64,65,-1,62,61,66,-1,62,66,67,-1,67,66,68,-1,67,68,65,-1,65,68,69,-1,65,69,63,-1,70,64,71,-1,71,64,63,-1,72,73,74,-1,70,71,75,-1,70,75,76,-1,75,77,76,-1,76,77,78,-1,76,78,74,-1,74,78,79,-1,74,79,72,-1,73,72,80,-1,73,80,81,-1,80,82,81,-1,81,82,83,-1,81,83,84,-1,84,83,85,-1,84,85,86,-1,86,85,87,-1,86,87,88,-1,88,87,89,-1,90,91,89,-1,89,91,92,-1,89,92,88,-1,90,93,91,-1,91,93,94,-1,91,94,95,-1,95,94,96,-1,95,96,97,-1,97,96,98,-1,99,100,98,-1,98,100,101,-1,98,101,97,-1,99,102,100,-1,100,102,103,-1,100,103,104,-1,104,103,105,-1,104,105,106,-1,14,13,107,-1,106,105,108,-1,106,108,109,-1,109,108,110,-1,109,110,111,-1,111,110,112,-1,111,112,107,-1,107,112,113,-1,107,113,14,-1,65,64,70,-1,56,58,81,-1,48,50,92,-1,81,58,73,-1,92,50,88,-1,65,70,67,-1,81,84,56,-1,56,84,86,-1,56,86,54,-1,54,86,88,-1,54,88,52,-1,52,88,50,-1,58,60,73,-1,73,60,62,-1,73,62,74,-1,74,62,67,-1,74,67,76,-1,76,67,70,-1,97,46,95,-1,95,46,48,-1,95,48,91,-1,91,48,92,-1,21,22,17,-1,17,22,25,-1,17,25,12,-1,12,25,28,-1,12,28,13,-1,13,28,30,-1,13,30,107,-1,107,30,32,-1,107,32,111,-1,111,32,34,-1,111,34,109,-1,109,34,36,-1,109,36,106,-1,106,36,38,-1,106,38,104,-1,104,38,40,-1,104,40,100,-1,100,40,101,-1,101,40,42,-1,101,42,97,-1,97,42,44,-1,97,44,46,-1,114,115,116,-1,116,115,117,-1,118,119,120,-1,120,119,114,-1,120,114,116,-1,121,119,122,-1,122,119,118,-1,121,122,123,-1,123,122,124,-1,123,124,125,-1,126,123,127,-1,127,123,125,-1,128,129,130,-1,130,129,126,-1,130,126,127,-1,131,129,132,-1,132,129,128,-1,133,134,135,-1,135,134,131,-1,135,131,132,-1,136,134,137,-1,137,134,133,-1,138,139,140,-1,140,139,136,-1,140,136,137,-1,141,139,142,-1,142,139,138,-1,117,115,143,-1,143,115,141,-1,143,141,142,-1,141,115,114,-1,114,119,141,-1,141,119,121,-1,141,121,139,-1,134,136,131,-1,131,136,139,-1,131,139,129,-1,129,139,121,-1,129,121,126,-1,126,121,123,-1,144,145,146,-1,146,145,147,-1,146,147,148,-1,148,147,149,-1,148,149,150,-1,150,149,151,-1,150,151,152,-1,152,151,153,-1,152,153,154,-1,154,153,155,-1,154,155,156,-1,156,155,157,-1,156,157,158,-1,158,157,159,-1,158,159,160,-1,160,159,161,-1,160,161,162,-1,162,161,163,-1,162,163,164,-1,164,163,165,-1,164,165,166,-1,166,165,167,-1,166,167,168,-1,168,167,169,-1,168,169,170,-1,170,169,171,-1,170,171,172,-1,172,171,173,-1,172,173,174,-1,174,173,175,-1,174,175,176,-1,176,175,177,-1,176,177,178,-1,178,177,144,-1,178,144,146,-1,152,154,179,-1,179,154,180,-1,152,179,181,-1,152,181,150,-1,150,181,182,-1,150,182,148,-1,148,182,183,-1,148,183,146,-1,146,183,184,-1,146,184,178,-1,178,184,185,-1,178,185,176,-1,176,185,186,-1,176,186,174,-1,174,186,187,-1,174,187,172,-1,172,187,188,-1,172,188,170,-1,170,188,189,-1,170,189,168,-1,168,189,190,-1,168,190,166,-1,166,190,191,-1,166,191,164,-1,164,191,192,-1,164,192,162,-1,162,192,193,-1,162,193,160,-1,160,193,194,-1,160,194,158,-1,156,158,195,-1,195,158,194,-1,154,156,180,-1,180,156,195,-1,159,157,196,-1,196,157,197,-1,157,155,197,-1,197,155,198,-1,155,153,198,-1,198,153,199,-1,145,200,201,-1,145,201,147,-1,147,201,202,-1,147,202,149,-1,149,202,203,-1,149,203,151,-1,151,203,199,-1,151,199,153,-1,173,204,205,-1,173,205,175,-1,175,205,206,-1,175,206,177,-1,177,206,207,-1,177,207,144,-1,144,207,200,-1,144,200,145,-1,165,208,209,-1,165,209,167,-1,167,209,210,-1,167,210,169,-1,169,210,211,-1,169,211,171,-1,171,211,204,-1,171,204,173,-1,159,196,212,-1,159,212,161,-1,161,212,213,-1,161,213,163,-1,163,213,208,-1,163,208,165,-1,
        ]
    }
}
Shape{
    appearance Appearance {
        material  Material 	{
            diffuseColor 0.25098039215686274 0.25098039215686274 0.25098039215686274
            specularColor 0.12549019607843137 0.12549019607843137 0.12549019607843137
            ambientIntensity 0.251
            transparency 0.0
            shininess 0.5
        }
    }
    geometry IndexedFaceSet {
        ccw TRUE
        solid FALSE
        coord DEF co Coordinate {
            point [
                3.5465 1.2553 0.4966, 3.5465 1.2553 0.4127, 3.5465 1.2717 0.4966, 3.5465 1.2711 0.4127, 3.5465 1.286 0.4144, 3.5465 1.295 0.4179, 3.5465 1.3021 0.4228, 3.5465 1.3034 0.424, 3.5465 1.3148 0.4493, 3.5465 1.3151 0.4557, 3.5465 1.3139 0.4675, 3.5465 1.311 0.476, 3.5465 1.307 0.4823, 3.5465 1.3031 0.4863, 3.5465 1.2859 0.495, 3.5465 1.2953 0.4916, 3.5465 1.309 0.431, 3.5465 1.3127 0.4392
            ]
        }
        coordIndex [
            0,1,2,-1,2,1,3,-1,2,3,4,-1,4,5,2,-1,2,5,6,-1,2,6,7,-1,8,9,2,-1,2,9,10,-1,2,10,11,-1,11,12,2,-1,2,12,13,-1,2,13,14,-1,14,13,15,-1,7,16,2,-1,2,16,17,-1,2,17,8,-1,
        ]
    }
}
Shape{
    appearance Appearance {
        material  Material 	{
            diffuseColor 1.0 1.0 1.0
            specularColor 0.5019607843137255 0.5019607843137255 0.5019607843137255
            ambientIntensity 1.0
            transparency 0.0
            shininess 0.5
        }
    }
    geometry IndexedFaceSet {
        ccw TRUE
        solid FALSE
        coord DEF co Coordinate {
            point [
                3.5504 1.3663 0.4423, 3.5504 1.3619 0.43, 3.5504 1.4028 0.4423, 3.5504 1.4072 0.43, 3.5504 1.3826 0.4876, 3.5504 1.3773 0.5091, 3.5504 1.3359 0.4003, 3.5504 1.3514 0.4003, 3.5504 1.3835 0.4908, 3.5504 1.3844 0.4952, 3.5504 1.3924 0.5091, 3.5504 1.3847 0.4952, 3.5504 1.3856 0.4906, 3.5504 1.3864 0.4876, 3.5504 1.4338 0.4003, 3.5504 1.4183 0.4003, 3.5465 1.3924 0.5091, 3.5465 1.4338 0.4003, 3.5465 1.3773 0.5091, 3.5465 1.3359 0.4003, 3.5465 1.3673 0.4826, 3.5465 1.3514 0.4003, 3.5465 1.3619 0.43, 3.5465 1.4072 0.43, 3.5465 1.3673 0.43, 3.5465 1.4183 0.4003, 3.5465 1.3663 0.4423, 3.5465 1.4028 0.4423, 3.5465 1.3864 0.4876, 3.5465 1.3847 0.4952, 3.5465 1.3856 0.4906, 3.5465 1.3844 0.4952, 3.5465 1.3826 0.4876, 3.5465 1.3835 0.4908
            ]
        }
        coordIndex [
            0,1,2,-1,2,1,3,-1,4,5,0,-1,0,5,6,-1,0,6,1,-1,1,6,7,-1,4,8,5,-1,5,8,9,-1,5,9,10,-1,10,9,11,-1,10,11,12,-1,12,13,10,-1,10,13,2,-1,10,2,14,-1,14,2,3,-1,14,3,15,-1,10,14,16,-1,16,14,17,-1,5,10,18,-1,18,10,16,-1,19,6,20,-1,20,6,5,-1,20,5,18,-1,7,6,21,-1,21,6,19,-1,1,7,22,-1,22,7,21,-1,23,3,24,-1,24,3,1,-1,24,1,22,-1,15,3,25,-1,25,3,23,-1,14,15,17,-1,17,15,25,-1,0,2,26,-1,26,2,27,-1,2,13,27,-1,27,13,28,-1,11,29,30,-1,11,30,12,-1,12,30,28,-1,12,28,13,-1,11,9,29,-1,29,9,31,-1,4,32,33,-1,4,33,8,-1,8,33,31,-1,8,31,9,-1,4,0,32,-1,32,0,26,-1,
        ]
    }
}
Shape{
    appearance Appearance {
        material  Material 	{
            diffuseColor 0.25098039215686274 0.25098039215686274 0.25098039215686274
            specularColor 0.12549019607843137 0.12549019607843137 0.12549019607843137
            ambientIntensity 0.251
            transparency 0.0
            shininess 0.5
        }
    }
    geometry IndexedFaceSet {
        ccw TRUE
        solid FALSE
        coord DEF co Coordinate {
            point [
                3.5465 1.3847 0.4952, 3.5465 1.3844 0.4952, 3.5465 1.3856 0.4906, 3.5465 1.3835 0.4908, 3.5465 1.3864 0.4876, 3.5465 1.3826 0.4876, 3.5465 1.4028 0.4423, 3.5465 1.3663 0.4423
            ]
        }
        coordIndex [
            0,1,2,-1,2,1,3,-1,2,3,4,-1,4,3,5,-1,4,5,6,-1,6,5,7,-1,
        ]
    }
}
Shape{
    appearance Appearance {
        material  Material 	{
            diffuseColor 1.0 1.0 1.0
            specularColor 0.5019607843137255 0.5019607843137255 0.5019607843137255
            ambientIntensity 1.0
            transparency 0.0
            shininess 0.5
        }
    }
    geometry IndexedFaceSet {
        ccw TRUE
        solid FALSE
        coord DEF co Coordinate {
            point [
                3.5504 1.0556 0.24, 3.5504 1.0556 0.2276, 3.5465 1.0556 0.24, 3.5465 1.0556 0.2276, 3.5504 1.0111 0.24, 3.5465 1.0111 0.24, 3.5504 1.0111 0.2766, 3.5465 1.0111 0.2766, 3.5504 1.05 0.2766, 3.5465 1.05 0.2766, 3.5504 1.05 0.2891, 3.5465 1.05 0.2891, 3.5504 1.0111 0.2891, 3.5465 1.0111 0.2891, 3.5504 1.0111 0.3239, 3.5465 1.0111 0.3239, 3.5504 1.0531 0.3239, 3.5465 1.0531 0.3239, 3.5504 1.0531 0.3364, 3.5465 1.0531 0.3364, 3.5504 0.997 0.3364, 3.5465 0.997 0.3364, 3.5504 0.997 0.2276, 3.5465 0.997 0.2276, 3.5504 1.1171 0.2396, 3.5504 1.1174 0.2396, 3.5504 1.1165 0.2522, 3.5504 1.1174 0.2583, 3.5504 1.1311 0.2776, 3.5504 1.1174 0.2592, 3.5504 1.1174 0.2666, 3.5504 1.1174 0.2276, 3.5504 1.1311 0.2276, 3.5504 1.0879 0.2608, 3.5504 1.0911 0.2623, 3.5504 1.0837 0.2711, 3.5504 1.1146 0.2473, 3.5504 1.1116 0.2433, 3.5504 1.1149 0.2364, 3.5504 1.1099 0.2416, 3.5504 1.1106 0.2317, 3.5504 1.106 0.239, 3.5504 1.1058 0.2286, 3.5504 1.1019 0.2375, 3.5504 1.1003 0.2266, 3.5504 1.0968 0.237, 3.5504 1.0933 0.2258, 3.5504 1.0922 0.2375, 3.5504 1.0851 0.2267, 3.5504 1.0891 0.2386, 3.5504 1.0799 0.2287, 3.5504 1.0864 0.2405, 3.5504 1.0753 0.2319, 3.5504 1.0852 0.2416, 3.5504 1.0944 0.2738, 3.5504 1.0992 0.2642, 3.5504 1.1174 0.277, 3.5504 1.0861 0.2594, 3.5504 1.0781 0.2681, 3.5504 1.0844 0.2574, 3.5504 1.0739 0.2645, 3.5504 1.0832 0.2548, 3.5504 1.071 0.2601, 3.5504 1.0826 0.2517, 3.5504 1.0693 0.2551, 3.5504 1.0824 0.2495, 3.5504 1.0686 0.2484, 3.5504 1.0828 0.2464, 3.5504 1.0693 0.2422, 3.5504 1.0837 0.2439, 3.5504 1.0709 0.2376, 3.5504 1.0738 0.2334, 3.5504 1.0762 0.2999, 3.5504 1.0762 0.2867, 3.5504 1.0808 0.3024, 3.5504 1.085 0.2923, 3.5504 1.0912 0.3059, 3.5504 1.0935 0.2952, 3.5504 1.103 0.3071, 3.5504 1.1017 0.2961, 3.5504 1.1109 0.3064, 3.5504 1.1063 0.2956, 3.5504 1.1167 0.3047, 3.5504 1.1095 0.2945, 3.5504 1.1213 0.3022, 3.5504 1.1119 0.2929, 3.5504 1.1249 0.2989, 3.5504 1.114 0.2907, 3.5504 1.1277 0.2945, 3.5504 1.1156 0.2879, 3.5504 1.1299 0.2885, 3.5504 1.117 0.2831, 3.5465 1.103 0.3071, 3.5465 1.0912 0.3059, 3.5465 1.0808 0.3024, 3.5465 1.0762 0.2999, 3.5465 1.0762 0.2867, 3.5465 1.085 0.2923, 3.5465 1.0935 0.2952, 3.5465 1.1017 0.2961, 3.5465 1.1063 0.2956, 3.5465 1.1095 0.2945, 3.5465 1.1119 0.2929, 3.5465 1.114 0.2907, 3.5465 1.1156 0.2879, 3.5465 1.117 0.2831, 3.5465 1.1174 0.277, 3.5465 1.0944 0.2738, 3.5465 1.0837 0.2711, 3.5465 1.0781 0.2681, 3.5465 1.0739 0.2645, 3.5465 1.071 0.2601, 3.5465 1.0693 0.2551, 3.5465 1.0686 0.2484, 3.5465 1.0693 0.2422, 3.5465 1.0709 0.2376, 3.5465 1.0738 0.2334, 3.5465 1.0753 0.2319, 3.5465 1.0933 0.2258, 3.5465 1.0854 0.2267, 3.5465 1.0851 0.2267, 3.5465 1.0799 0.2287, 3.5465 1.1003 0.2266, 3.5465 1.1007 0.2267, 3.5465 1.1058 0.2286, 3.5465 1.1106 0.2317, 3.5465 1.1149 0.2364, 3.5465 1.1171 0.2396, 3.5465 1.1174 0.2396, 3.5465 1.1174 0.2276, 3.5465 1.1311 0.2276, 3.5465 1.1311 0.2776, 3.5465 1.1299 0.2885, 3.5465 1.1277 0.2945, 3.5465 1.1249 0.2989, 3.5465 1.1213 0.3022, 3.5465 1.1167 0.3047, 3.5465 1.1109 0.3064, 3.5465 1.0861 0.2594, 3.5465 1.0879 0.2608, 3.5465 1.0911 0.2623, 3.5465 1.0992 0.2642, 3.5465 1.0824 0.2495, 3.5465 1.0826 0.2517, 3.5465 1.0832 0.2548, 3.5465 1.0844 0.2574, 3.5465 1.0864 0.2405, 3.5465 1.0852 0.2416, 3.5465 1.0837 0.2439, 3.5465 1.0828 0.2464, 3.5465 1.0968 0.237, 3.5465 1.0922 0.2375, 3.5465 1.0891 0.2386, 3.5465 1.1116 0.2433, 3.5465 1.1099 0.2416, 3.5465 1.106 0.239, 3.5465 1.1019 0.2375, 3.5465 1.1174 0.2592, 3.5465 1.1174 0.2583, 3.5465 1.1165 0.2522, 3.5465 1.1146 0.2473, 3.5465 1.1174 0.2666
            ]
        }
        coordIndex [
            0,1,2,-1,2,1,3,-1,4,0,5,-1,5,0,2,-1,6,4,7,-1,7,4,5,-1,8,6,9,-1,9,6,7,-1,10,8,11,-1,11,8,9,-1,12,10,13,-1,13,10,11,-1,14,12,15,-1,15,12,13,-1,16,14,17,-1,17,14,15,-1,18,16,19,-1,19,16,17,-1,20,18,21,-1,21,18,19,-1,22,20,23,-1,23,20,21,-1,1,22,3,-1,3,22,23,-1,22,1,0,-1,0,4,22,-1,22,4,6,-1,22,6,20,-1,16,18,14,-1,14,18,20,-1,14,20,12,-1,12,20,6,-1,12,6,10,-1,10,6,8,-1,24,25,26,-1,27,28,29,-1,29,28,30,-1,31,32,25,-1,25,32,28,-1,25,28,26,-1,26,28,27,-1,33,34,35,-1,26,36,24,-1,24,36,37,-1,24,37,38,-1,38,37,39,-1,38,39,40,-1,40,39,41,-1,40,41,42,-1,42,41,43,-1,42,43,44,-1,44,43,45,-1,44,45,46,-1,46,45,47,-1,46,47,48,-1,48,47,49,-1,48,49,50,-1,50,49,51,-1,50,51,52,-1,52,51,53,-1,35,34,54,-1,54,34,55,-1,54,55,56,-1,33,35,57,-1,57,35,58,-1,57,58,59,-1,59,58,60,-1,59,60,61,-1,61,60,62,-1,61,62,63,-1,63,62,64,-1,63,64,65,-1,65,64,66,-1,65,66,67,-1,67,66,68,-1,67,68,69,-1,69,68,70,-1,69,70,53,-1,53,70,71,-1,53,71,52,-1,72,73,74,-1,74,73,75,-1,74,75,76,-1,76,75,77,-1,76,77,78,-1,78,77,79,-1,78,79,80,-1,80,79,81,-1,80,81,82,-1,82,81,83,-1,82,83,84,-1,84,83,85,-1,84,85,86,-1,86,85,87,-1,86,87,88,-1,88,87,89,-1,88,89,90,-1,90,89,91,-1,90,91,28,-1,28,91,56,-1,28,56,30,-1,30,56,55,-1,78,92,93,-1,78,93,76,-1,76,93,94,-1,76,94,74,-1,74,94,95,-1,74,95,72,-1,73,72,96,-1,96,72,95,-1,73,96,97,-1,73,97,75,-1,75,97,98,-1,75,98,77,-1,77,98,99,-1,77,99,79,-1,79,99,100,-1,79,100,81,-1,81,100,101,-1,81,101,83,-1,83,101,102,-1,83,102,85,-1,85,102,103,-1,85,103,87,-1,87,103,104,-1,87,104,89,-1,89,104,105,-1,89,105,91,-1,91,105,106,-1,91,106,56,-1,54,56,107,-1,107,56,106,-1,54,107,108,-1,54,108,35,-1,35,108,109,-1,35,109,58,-1,58,109,110,-1,58,110,60,-1,60,110,111,-1,60,111,62,-1,62,111,112,-1,62,112,64,-1,64,112,113,-1,64,113,66,-1,66,113,114,-1,66,114,68,-1,68,114,115,-1,68,115,70,-1,70,115,116,-1,70,116,71,-1,71,116,117,-1,71,117,52,-1,118,46,119,-1,119,46,48,-1,119,48,120,-1,120,48,50,-1,120,50,121,-1,121,50,52,-1,121,52,117,-1,46,118,122,-1,46,122,44,-1,44,122,123,-1,44,123,42,-1,123,124,42,-1,42,124,125,-1,42,125,40,-1,40,125,126,-1,40,126,38,-1,38,126,127,-1,38,127,24,-1,25,24,128,-1,128,24,127,-1,31,25,129,-1,129,25,128,-1,32,31,130,-1,130,31,129,-1,28,32,131,-1,131,32,130,-1,28,131,132,-1,28,132,90,-1,90,132,133,-1,90,133,88,-1,88,133,134,-1,88,134,86,-1,86,134,135,-1,86,135,84,-1,84,135,136,-1,84,136,82,-1,82,136,137,-1,82,137,80,-1,80,137,92,-1,80,92,78,-1,57,138,139,-1,57,139,33,-1,33,139,140,-1,33,140,34,-1,34,140,141,-1,34,141,55,-1,65,142,143,-1,65,143,63,-1,63,143,144,-1,63,144,61,-1,61,144,145,-1,61,145,59,-1,59,145,138,-1,59,138,57,-1,51,146,147,-1,51,147,53,-1,53,147,148,-1,53,148,69,-1,69,148,149,-1,69,149,67,-1,67,149,142,-1,67,142,65,-1,45,150,151,-1,45,151,47,-1,47,151,152,-1,47,152,49,-1,49,152,146,-1,49,146,51,-1,37,153,154,-1,37,154,39,-1,39,154,155,-1,39,155,41,-1,41,155,156,-1,41,156,43,-1,43,156,150,-1,43,150,45,-1,29,157,158,-1,29,158,27,-1,27,158,159,-1,27,159,26,-1,26,159,160,-1,26,160,36,-1,36,160,153,-1,36,153,37,-1,29,30,157,-1,157,30,161,-1,30,55,161,-1,161,55,141,-1,
        ]
    }
}
Shape{
    appearance Appearance {
        material  Material 	{
            diffuseColor 0.25098039215686274 0.25098039215686274 0.25098039215686274
            specularColor 0.12549019607843137 0.12549019607843137 0.12549019607843137
            ambientIntensity 0.251
            transparency 0.0
            shininess 0.5
        }
    }
    geometry IndexedFaceSet {
        ccw TRUE
        solid FALSE
        coord DEF co Coordinate {
            point [
                3.5465 1.1174 0.2583, 3.5465 1.1174 0.2592, 3.5465 1.0861 0.2594, 3.5465 1.1174 0.2666, 3.5465 1.0992 0.2642, 3.5465 1.0911 0.2623, 3.5465 1.0879 0.2608, 3.5465 1.1165 0.2522, 3.5465 1.0844 0.2574, 3.5465 1.1146 0.2473, 3.5465 1.0852 0.2416, 3.5465 1.0864 0.2405, 3.5465 1.1099 0.2416, 3.5465 1.0837 0.2439, 3.5465 1.106 0.239, 3.5465 1.1019 0.2375, 3.5465 1.0968 0.237, 3.5465 1.0832 0.2548, 3.5465 1.0826 0.2517, 3.5465 1.1116 0.2433, 3.5465 1.0824 0.2495, 3.5465 1.0828 0.2464, 3.5465 1.0891 0.2386, 3.5465 1.0922 0.2375
            ]
        }
        coordIndex [
            0,1,2,-1,1,3,4,-1,4,5,1,-1,1,5,6,-1,1,6,2,-1,0,2,7,-1,7,2,8,-1,7,8,9,-1,10,11,12,-1,10,12,13,-1,14,12,15,-1,15,12,16,-1,8,17,9,-1,9,17,18,-1,9,18,19,-1,19,18,20,-1,19,20,12,-1,12,20,21,-1,12,21,13,-1,11,22,12,-1,12,22,23,-1,12,23,16,-1,
        ]
    }
}
Shape{
    appearance Appearance {
        material  Material 	{
            diffuseColor 1.0 1.0 1.0
            specularColor 0.5019607843137255 0.5019607843137255 0.5019607843137255
            ambientIntensity 1.0
            transparency 0.0
            shininess 0.5
        }
    }
    geometry IndexedFaceSet {
        ccw TRUE
        solid FALSE
        coord DEF co Coordinate {
            point [
                3.5465 1.1495 0.2444, 3.5504 1.1495 0.2444, 3.5504 1.1543 0.2414, 3.5504 1.172 0.2369, 3.5465 1.172 0.2369, 3.5465 1.1628 0.2381, 3.5504 1.1628 0.2381, 3.5465 1.1558 0.2408, 3.5465 1.1543 0.2414, 3.5504 1.1495 0.2303, 3.5465 1.1495 0.2303, 3.5504 1.1587 0.2271, 3.5465 1.1558 0.2281, 3.5465 1.1706 0.2258, 3.5504 1.1706 0.2258, 3.5465 1.1622 0.2267, 3.5465 1.1587 0.2271, 3.5504 1.1818 0.227, 3.5465 1.1793 0.2267, 3.5465 1.1818 0.227, 3.5465 1.1893 0.2296, 3.5504 1.1893 0.2296, 3.5465 1.1933 0.232, 3.5504 1.1933 0.232, 3.5465 1.1972 0.2354, 3.5504 1.1972 0.2354, 3.5465 1.1997 0.239, 3.5504 1.1997 0.239, 3.5465 1.2014 0.2433, 3.5504 1.2014 0.2433, 3.5465 1.202 0.2488, 3.5504 1.202 0.2488, 3.5465 1.2015 0.2538, 3.5504 1.2015 0.2538, 3.5465 1.2 0.2579, 3.5504 1.2 0.2579, 3.5465 1.1975 0.2616, 3.5504 1.1975 0.2616, 3.5465 1.1942 0.2645, 3.5504 1.1942 0.2645, 3.5465 1.1852 0.2695, 3.5504 1.1852 0.2695, 3.5465 1.1799 0.2717, 3.5504 1.1799 0.2717, 3.5465 1.1715 0.2754, 3.5504 1.1715 0.2754, 3.5465 1.1667 0.2784, 3.5504 1.1667 0.2784, 3.5465 1.1653 0.2798, 3.5504 1.1653 0.2798, 3.5465 1.1643 0.2817, 3.5504 1.1643 0.2817, 3.5465 1.1638 0.2838, 3.5504 1.1638 0.2838, 3.5465 1.1637 0.2856, 3.5504 1.1637 0.2856, 3.5465 1.1639 0.2878, 3.5504 1.1639 0.2878, 3.5465 1.1646 0.2896, 3.5504 1.1646 0.2896, 3.5465 1.1658 0.2913, 3.5504 1.1658 0.2913, 3.5465 1.1678 0.2932, 3.5504 1.1678 0.2932, 3.5465 1.1709 0.2948, 3.5504 1.1709 0.2948, 3.5465 1.1745 0.2958, 3.5504 1.1745 0.2958, 3.5465 1.1786 0.2961, 3.5504 1.1786 0.2961, 3.5465 1.1881 0.2949, 3.5504 1.1881 0.2949, 3.5465 1.1958 0.2919, 3.5504 1.1958 0.2919, 3.5465 1.1983 0.2904, 3.5504 1.1983 0.2904, 3.5504 1.1983 0.3037, 3.5465 1.1983 0.3037, 3.5465 1.1886 0.3064, 3.5504 1.1886 0.3064, 3.5465 1.1799 0.3071, 3.5504 1.1799 0.3071, 3.5465 1.1695 0.3059, 3.5504 1.1695 0.3059, 3.5465 1.1621 0.3032, 3.5504 1.1621 0.3032, 3.5465 1.1584 0.3009, 3.5504 1.1584 0.3009, 3.5465 1.1558 0.2987, 3.5504 1.1543 0.2973, 3.5465 1.1543 0.2973, 3.5465 1.1518 0.2936, 3.5504 1.1518 0.2936, 3.5465 1.1502 0.2892, 3.5504 1.1502 0.2892, 3.5465 1.1496 0.2844, 3.5504 1.1496 0.2844, 3.5465 1.1502 0.2791, 3.5504 1.1502 0.2791, 3.5465 1.1517 0.2749, 3.5504 1.1517 0.2749, 3.5465 1.1535 0.2721, 3.5504 1.1535 0.2721, 3.5465 1.1703 0.2618, 3.5504 1.1703 0.2618, 3.5504 1.1621 0.2655, 3.5465 1.1557 0.2697, 3.5504 1.1557 0.2697, 3.5465 1.1558 0.2697, 3.5465 1.1621 0.2655, 3.5465 1.1792 0.258, 3.5504 1.1792 0.258, 3.5465 1.1845 0.2548, 3.5504 1.1845 0.2548, 3.5465 1.1862 0.2531, 3.5504 1.1862 0.2531, 3.5465 1.1873 0.2512, 3.5504 1.1873 0.2512, 3.5465 1.1879 0.2491, 3.5504 1.1879 0.2491, 3.5465 1.188 0.2474, 3.5504 1.188 0.2474, 3.5465 1.1878 0.2448, 3.5504 1.1878 0.2448, 3.5465 1.1871 0.2429, 3.5504 1.1871 0.2429, 3.5465 1.1859 0.2411, 3.5504 1.1859 0.2411, 3.5465 1.1843 0.2397, 3.5504 1.1843 0.2397, 3.5465 1.1831 0.239, 3.5504 1.1831 0.239, 3.5465 1.1796 0.2377, 3.5504 1.1796 0.2377, 3.5465 1.1726 0.2369, 3.5504 1.1726 0.2369, 3.5504 1.2696 0.3053, 3.5504 1.2837 0.3053, 3.5465 1.2696 0.3053, 3.5465 1.2837 0.3053, 3.5504 1.2484 0.2468, 3.5465 1.2484 0.2468, 3.5465 1.2473 0.2432, 3.5504 1.2473 0.2432, 3.5465 1.2467 0.2405, 3.5504 1.2467 0.2405, 3.5504 1.2464 0.2405, 3.5465 1.2464 0.2405, 3.5504 1.2447 0.2469, 3.5465 1.2447 0.2469, 3.5465 1.2244 0.3053, 3.5504 1.2244 0.3053, 3.5465 1.231 0.2864, 3.5504 1.2091 0.3053, 3.5465 1.2091 0.3053, 3.5465 1.2396 0.2278, 3.5504 1.2396 0.2278, 3.5465 1.231 0.2498, 3.5465 1.2336 0.2137, 3.5504 1.2336 0.2137, 3.5465 1.2392 0.2267, 3.5465 1.231 0.2088, 3.5504 1.231 0.2088, 3.5465 1.231 0.2087, 3.5504 1.2284 0.2059, 3.5465 1.2284 0.2059, 3.5465 1.2259 0.2042, 3.5504 1.2259 0.2042, 3.5465 1.223 0.2031, 3.5504 1.223 0.2031, 3.5465 1.2197 0.2027, 3.5504 1.2197 0.2027, 3.5465 1.2147 0.2033, 3.5504 1.2147 0.2033, 3.5465 1.2119 0.2042, 3.5504 1.2119 0.2042, 3.5504 1.2119 0.1921, 3.5465 1.2119 0.1921, 3.5465 1.2177 0.1911, 3.5504 1.2177 0.1911, 3.5465 1.2207 0.191, 3.5504 1.2207 0.191, 3.5465 1.2262 0.1916, 3.5504 1.2262 0.1916, 3.5465 1.231 0.1934, 3.5504 1.2316 0.1937, 3.5465 1.2316 0.1937, 3.5465 1.2364 0.197, 3.5504 1.2364 0.197, 3.5465 1.2373 0.1979, 3.5504 1.2373 0.1979, 3.5465 1.2423 0.2039, 3.5504 1.2423 0.2039, 3.5465 1.2485 0.2159, 3.5504 1.2485 0.2159, 3.5465 1.2527 0.2267, 3.5504 1.357 0.24, 3.5504 1.357 0.2276, 3.5465 1.357 0.24, 3.5465 1.357 0.2276, 3.5465 1.3125 0.24, 3.5504 1.3125 0.24, 3.5465 1.3329 0.24, 3.5504 1.3125 0.2766, 3.5465 1.3125 0.2766, 3.5465 1.3514 0.2766, 3.5504 1.3514 0.2766, 3.5465 1.3329 0.2766, 3.5504 1.3514 0.2891, 3.5465 1.3514 0.2891, 3.5465 1.3125 0.2891, 3.5504 1.3125 0.2891, 3.5465 1.3329 0.2891, 3.5504 1.3125 0.3239, 3.5465 1.3125 0.3239, 3.5465 1.3545 0.3239, 3.5504 1.3545 0.3239, 3.5465 1.3329 0.3239, 3.5504 1.3545 0.3364, 3.5465 1.3545 0.3364, 3.5465 1.2984 0.3364, 3.5504 1.2984 0.3364, 3.5465 1.3329 0.3364, 3.5504 1.2984 0.2276, 3.5465 1.2984 0.2276, 3.5465 1.3329 0.2276, 3.5504 1.4453 0.2584, 3.5504 1.4397 0.2514, 3.5504 1.4497 0.2429, 3.5504 1.4384 0.2501, 3.5504 1.4382 0.2346, 3.5504 1.4313 0.2452, 3.5504 1.4258 0.2298, 3.5504 1.4223 0.2418, 3.5504 1.4075 0.2276, 3.5504 1.4074 0.24, 3.5504 1.3775 0.2276, 3.5504 1.3916 0.24, 3.5504 1.3775 0.3364, 3.5504 1.3916 0.3239, 3.5504 1.4086 0.3364, 3.5504 1.408 0.3239, 3.5504 1.4252 0.3346, 3.5504 1.4222 0.3224, 3.5504 1.4383 0.3298, 3.5504 1.4316 0.3189, 3.5504 1.4497 0.322, 3.5504 1.4394 0.3137, 3.5504 1.4536 0.3182, 3.5504 1.4433 0.3097, 3.5504 1.4603 0.3087, 3.5504 1.4473 0.3033, 3.5504 1.4644 0.2983, 3.5504 1.4502 0.2949, 3.5504 1.4661 0.2834, 3.5504 1.4514 0.283, 3.5504 1.4656 0.2748, 3.5504 1.4511 0.2766, 3.5504 1.4627 0.2623, 3.5504 1.449 0.2665, 3.5504 1.457 0.2512, 3.5465 1.4075 0.2276, 3.5465 1.3775 0.2276, 3.5465 1.4258 0.2298, 3.5465 1.4382 0.2346, 3.5465 1.4497 0.2429, 3.5465 1.457 0.2512, 3.5465 1.4627 0.2623, 3.5465 1.4656 0.2748, 3.5465 1.4661 0.2834, 3.5465 1.4644 0.2983, 3.5465 1.4603 0.3087, 3.5465 1.4536 0.3182, 3.5465 1.4497 0.322, 3.5465 1.4383 0.3298, 3.5465 1.4252 0.3346, 3.5465 1.4086 0.3364, 3.5465 1.3775 0.3364, 3.5465 1.408 0.3239, 3.5465 1.3916 0.3239, 3.5465 1.3916 0.24, 3.5465 1.4074 0.24, 3.5465 1.4397 0.2514, 3.5465 1.4384 0.2501, 3.5465 1.4313 0.2452, 3.5465 1.4223 0.2418, 3.5465 1.4514 0.283, 3.5465 1.4511 0.2766, 3.5465 1.449 0.2665, 3.5465 1.4453 0.2584, 3.5465 1.4394 0.3137, 3.5465 1.4433 0.3097, 3.5465 1.4473 0.3033, 3.5465 1.4502 0.2949, 3.5465 1.4222 0.3224, 3.5465 1.4316 0.3189
            ]
        }
        coordIndex [
            0,1,2,-1,3,4,5,-1,3,5,6,-1,6,5,7,-1,6,7,2,-1,2,7,8,-1,2,8,0,-1,9,1,10,-1,10,1,0,-1,9,10,11,-1,11,10,12,-1,13,14,15,-1,15,14,11,-1,15,11,16,-1,16,11,12,-1,14,13,17,-1,17,13,18,-1,18,19,17,-1,17,19,20,-1,17,20,21,-1,21,20,22,-1,21,22,23,-1,23,22,24,-1,23,24,25,-1,25,24,26,-1,25,26,27,-1,27,26,28,-1,27,28,29,-1,29,28,30,-1,29,30,31,-1,31,30,32,-1,31,32,33,-1,33,32,34,-1,33,34,35,-1,35,34,36,-1,35,36,37,-1,37,36,38,-1,37,38,39,-1,39,38,40,-1,39,40,41,-1,41,40,42,-1,41,42,43,-1,43,42,44,-1,43,44,45,-1,45,44,46,-1,45,46,47,-1,47,46,48,-1,47,48,49,-1,49,48,50,-1,49,50,51,-1,51,50,52,-1,51,52,53,-1,53,52,54,-1,53,54,55,-1,55,54,56,-1,55,56,57,-1,57,56,58,-1,57,58,59,-1,59,58,60,-1,59,60,61,-1,61,60,62,-1,61,62,63,-1,63,62,64,-1,63,64,65,-1,65,64,66,-1,65,66,67,-1,67,66,68,-1,67,68,69,-1,69,68,70,-1,69,70,71,-1,71,70,72,-1,71,72,73,-1,73,72,74,-1,73,74,75,-1,76,75,77,-1,77,75,74,-1,76,77,78,-1,76,78,79,-1,79,78,80,-1,79,80,81,-1,81,80,82,-1,81,82,83,-1,83,82,84,-1,83,84,85,-1,85,84,86,-1,85,86,87,-1,86,88,87,-1,87,88,89,-1,88,90,89,-1,89,90,91,-1,89,91,92,-1,92,91,93,-1,92,93,94,-1,94,93,95,-1,94,95,96,-1,96,95,97,-1,96,97,98,-1,98,97,99,-1,98,99,100,-1,100,99,101,-1,100,101,102,-1,103,104,105,-1,102,101,106,-1,102,106,107,-1,107,106,108,-1,107,108,105,-1,105,108,109,-1,105,109,103,-1,104,103,110,-1,104,110,111,-1,111,110,112,-1,111,112,113,-1,113,112,114,-1,113,114,115,-1,115,114,116,-1,115,116,117,-1,117,116,118,-1,117,118,119,-1,119,118,120,-1,119,120,121,-1,121,120,122,-1,121,122,123,-1,123,122,124,-1,123,124,125,-1,125,124,126,-1,125,126,127,-1,127,126,128,-1,127,128,129,-1,129,128,130,-1,129,130,131,-1,131,130,132,-1,131,132,133,-1,133,132,134,-1,133,134,135,-1,135,134,4,-1,135,4,3,-1,61,63,85,-1,85,63,83,-1,111,43,104,-1,104,43,45,-1,14,3,11,-1,11,3,6,-1,11,6,9,-1,9,6,2,-1,9,2,1,-1,63,65,83,-1,83,65,67,-1,83,67,81,-1,81,67,69,-1,81,69,79,-1,79,69,71,-1,79,71,76,-1,76,71,73,-1,76,73,75,-1,21,23,127,-1,127,23,25,-1,127,25,125,-1,125,25,27,-1,125,27,123,-1,123,27,29,-1,123,29,121,-1,121,29,31,-1,121,31,119,-1,119,31,33,-1,119,33,117,-1,117,33,35,-1,117,35,115,-1,115,35,37,-1,115,37,113,-1,113,37,39,-1,113,39,111,-1,111,39,41,-1,111,41,43,-1,127,129,21,-1,21,129,131,-1,21,131,17,-1,17,131,133,-1,17,133,14,-1,14,133,135,-1,14,135,3,-1,85,87,61,-1,61,87,89,-1,61,89,59,-1,59,89,92,-1,59,92,57,-1,57,92,94,-1,57,94,55,-1,55,94,96,-1,55,96,53,-1,53,96,98,-1,53,98,51,-1,51,98,100,-1,51,100,49,-1,49,100,102,-1,49,102,47,-1,47,102,107,-1,47,107,45,-1,45,107,105,-1,45,105,104,-1,136,137,138,-1,138,137,139,-1,140,136,141,-1,141,136,138,-1,140,141,142,-1,140,142,143,-1,143,142,144,-1,143,144,145,-1,146,145,147,-1,147,145,144,-1,148,146,149,-1,149,146,147,-1,150,151,152,-1,152,151,148,-1,152,148,149,-1,153,151,154,-1,154,151,150,-1,155,156,157,-1,157,156,153,-1,157,153,154,-1,158,159,160,-1,160,159,156,-1,160,156,155,-1,159,158,161,-1,159,161,162,-1,162,161,163,-1,162,163,164,-1,163,165,164,-1,164,165,166,-1,164,166,167,-1,167,166,168,-1,167,168,169,-1,169,168,170,-1,169,170,171,-1,171,170,172,-1,171,172,173,-1,173,172,174,-1,173,174,175,-1,176,175,177,-1,177,175,174,-1,176,177,178,-1,176,178,179,-1,179,178,180,-1,179,180,181,-1,181,180,182,-1,181,182,183,-1,183,182,184,-1,183,184,185,-1,184,186,185,-1,185,186,187,-1,185,187,188,-1,188,187,189,-1,188,189,190,-1,190,189,191,-1,190,191,192,-1,192,191,193,-1,192,193,194,-1,139,137,195,-1,195,137,194,-1,195,194,193,-1,143,145,194,-1,137,136,194,-1,194,136,140,-1,194,140,143,-1,151,153,148,-1,148,153,156,-1,148,156,146,-1,192,162,190,-1,190,162,164,-1,175,176,173,-1,173,176,179,-1,173,179,171,-1,171,179,181,-1,171,181,169,-1,169,181,183,-1,169,183,167,-1,167,183,185,-1,167,185,164,-1,164,185,188,-1,164,188,190,-1,145,146,194,-1,194,146,156,-1,194,156,192,-1,192,156,159,-1,192,159,162,-1,196,197,198,-1,198,197,199,-1,200,201,202,-1,202,201,196,-1,202,196,198,-1,203,201,204,-1,204,201,200,-1,205,206,207,-1,207,206,203,-1,207,203,204,-1,208,206,209,-1,209,206,205,-1,210,211,212,-1,212,211,208,-1,212,208,209,-1,213,211,214,-1,214,211,210,-1,215,216,217,-1,217,216,213,-1,217,213,214,-1,218,216,219,-1,219,216,215,-1,220,221,222,-1,222,221,218,-1,222,218,219,-1,223,221,224,-1,224,221,220,-1,199,197,225,-1,225,197,223,-1,225,223,224,-1,223,197,196,-1,196,201,223,-1,223,201,203,-1,223,203,221,-1,216,218,213,-1,213,218,221,-1,213,221,211,-1,211,221,203,-1,211,203,208,-1,208,203,206,-1,226,227,228,-1,228,227,229,-1,228,229,230,-1,230,229,231,-1,230,231,232,-1,232,231,233,-1,232,233,234,-1,234,233,235,-1,234,235,236,-1,236,235,237,-1,236,237,238,-1,238,237,239,-1,238,239,240,-1,240,239,241,-1,240,241,242,-1,242,241,243,-1,242,243,244,-1,244,243,245,-1,244,245,246,-1,246,245,247,-1,246,247,248,-1,248,247,249,-1,248,249,250,-1,250,249,251,-1,250,251,252,-1,252,251,253,-1,252,253,254,-1,254,253,255,-1,254,255,256,-1,256,255,257,-1,256,257,258,-1,258,257,259,-1,258,259,260,-1,260,259,226,-1,260,226,228,-1,234,236,261,-1,261,236,262,-1,234,261,263,-1,234,263,232,-1,232,263,264,-1,232,264,230,-1,230,264,265,-1,230,265,228,-1,228,265,266,-1,228,266,260,-1,260,266,267,-1,260,267,258,-1,258,267,268,-1,258,268,256,-1,256,268,269,-1,256,269,254,-1,254,269,270,-1,254,270,252,-1,252,270,271,-1,252,271,250,-1,250,271,272,-1,250,272,248,-1,248,272,273,-1,248,273,246,-1,246,273,274,-1,246,274,244,-1,244,274,275,-1,244,275,242,-1,242,275,276,-1,242,276,240,-1,238,240,277,-1,277,240,276,-1,236,238,262,-1,262,238,277,-1,241,239,278,-1,278,239,279,-1,239,237,279,-1,279,237,280,-1,237,235,280,-1,280,235,281,-1,227,282,283,-1,227,283,229,-1,229,283,284,-1,229,284,231,-1,231,284,285,-1,231,285,233,-1,233,285,281,-1,233,281,235,-1,255,286,287,-1,255,287,257,-1,257,287,288,-1,257,288,259,-1,259,288,289,-1,259,289,226,-1,226,289,282,-1,226,282,227,-1,247,290,291,-1,247,291,249,-1,249,291,292,-1,249,292,251,-1,251,292,293,-1,251,293,253,-1,253,293,286,-1,253,286,255,-1,241,278,294,-1,241,294,243,-1,243,294,295,-1,243,295,245,-1,245,295,290,-1,245,290,247,-1,
        ]
    }
}
Shape{
    appearance Appearance {
        material  Material 	{
            diffuseColor 0.25098039215686274 0.25098039215686274 0.25098039215686274
            specularColor 0.12549019607843137 0.12549019607843137 0.12549019607843137
            ambientIntensity 0.251
            transparency 0.0
            shininess 0.5
        }
    }
    geometry IndexedFaceSet {
        ccw TRUE
        solid FALSE
        coord DEF co Coordinate {
            point [
                3.5465 1.3916 0.3239, 3.5465 1.3916 0.24, 3.5465 1.408 0.3239, 3.5465 1.4074 0.24, 3.5465 1.4223 0.2418, 3.5465 1.4313 0.2452, 3.5465 1.4384 0.2501, 3.5465 1.4397 0.2514, 3.5465 1.4511 0.2766, 3.5465 1.4514 0.283, 3.5465 1.4502 0.2949, 3.5465 1.4473 0.3033, 3.5465 1.4433 0.3097, 3.5465 1.4394 0.3137, 3.5465 1.4222 0.3224, 3.5465 1.4316 0.3189, 3.5465 1.4453 0.2584, 3.5465 1.449 0.2665
            ]
        }
        coordIndex [
            0,1,2,-1,2,1,3,-1,2,3,4,-1,4,5,2,-1,2,5,6,-1,2,6,7,-1,8,9,2,-1,2,9,10,-1,2,10,11,-1,11,12,2,-1,2,12,13,-1,2,13,14,-1,14,13,15,-1,7,16,2,-1,2,16,17,-1,2,17,8,-1,
        ]
    }
}
Shape{
    appearance Appearance {
        material  Material 	{
            diffuseColor 1.0 1.0 1.0
            specularColor 0.5019607843137255 0.5019607843137255 0.5019607843137255
            ambientIntensity 1.0
            transparency 0.0
            shininess 0.5
        }
    }
    geometry IndexedFaceSet {
        ccw TRUE
        solid FALSE
        coord DEF co Coordinate {
            point [
                3.5504 1.5026 0.2697, 3.5504 1.4982 0.2574, 3.5504 1.5391 0.2697, 3.5504 1.5435 0.2574, 3.5504 1.5189 0.3149, 3.5504 1.5136 0.3364, 3.5504 1.4722 0.2276, 3.5504 1.4877 0.2276, 3.5504 1.5198 0.3182, 3.5504 1.5207 0.3225, 3.5504 1.5286 0.3364, 3.5504 1.521 0.3225, 3.5504 1.5219 0.3179, 3.5504 1.5227 0.3149, 3.5504 1.5701 0.2276, 3.5504 1.5546 0.2276, 3.5465 1.5286 0.3364, 3.5465 1.5701 0.2276, 3.5465 1.5136 0.3364, 3.5465 1.4722 0.2276, 3.5465 1.4877 0.2276, 3.5465 1.4982 0.2574, 3.5465 1.5435 0.2574, 3.5465 1.5546 0.2276, 3.5465 1.5026 0.2697, 3.5465 1.5391 0.2697, 3.5465 1.5227 0.3149, 3.5465 1.521 0.3225, 3.5465 1.5219 0.3179, 3.5465 1.5207 0.3225, 3.5465 1.5189 0.3149, 3.5465 1.5198 0.3182
            ]
        }
        coordIndex [
            0,1,2,-1,2,1,3,-1,4,5,0,-1,0,5,6,-1,0,6,1,-1,1,6,7,-1,4,8,5,-1,5,8,9,-1,5,9,10,-1,10,9,11,-1,10,11,12,-1,12,13,10,-1,10,13,2,-1,10,2,14,-1,14,2,3,-1,14,3,15,-1,10,14,16,-1,16,14,17,-1,5,10,18,-1,18,10,16,-1,6,5,19,-1,19,5,18,-1,7,6,20,-1,20,6,19,-1,1,7,21,-1,21,7,20,-1,3,1,22,-1,22,1,21,-1,15,3,23,-1,23,3,22,-1,14,15,17,-1,17,15,23,-1,0,2,24,-1,24,2,25,-1,2,13,25,-1,25,13,26,-1,11,27,28,-1,11,28,12,-1,12,28,26,-1,12,26,13,-1,11,9,27,-1,27,9,29,-1,4,30,31,-1,4,31,8,-1,8,31,29,-1,8,29,9,-1,4,0,30,-1,30,0,24,-1,
        ]
    }
}
Shape{
    appearance Appearance {
        material  Material 	{
            diffuseColor 0.25098039215686274 0.25098039215686274 0.25098039215686274
            specularColor 0.12549019607843137 0.12549019607843137 0.12549019607843137
            ambientIntensity 0.251
            transparency 0.0
            shininess 0.5
        }
    }
    geometry IndexedFaceSet {
        ccw TRUE
        solid FALSE
        coord DEF co Coordinate {
            point [
                3.5465 1.521 0.3225, 3.5465 1.5207 0.3225, 3.5465 1.5219 0.3179, 3.5465 1.5198 0.3182, 3.5465 1.5227 0.3149, 3.5465 1.5189 0.3149, 3.5465 1.5391 0.2697, 3.5465 1.5026 0.2697
            ]
        }
        coordIndex [
            0,1,2,-1,2,1,3,-1,2,3,4,-1,4,3,5,-1,4,5,6,-1,6,5,7,-1,
        ]
    }
}
Shape{
    appearance Appearance {
        material  Material 	{
            diffuseColor 1.0 1.0 1.0
            specularColor 0.5019607843137255 0.5019607843137255 0.5019607843137255
            ambientIntensity 1.0
            transparency 0.0
            shininess 0.5
        }
    }
    geometry IndexedFaceSet {
        ccw TRUE
        solid FALSE
        coord DEF co Coordinate {
            point [
                3.5504 0.4959 0.4151, 3.5504 0.5131 0.4242, 3.5504 0.5091 0.4719, 3.5504 0.6454 0.2091, 3.5504 0.6545 0.2263, 3.5504 0.6591 0.2454, 3.5504 0.5574 0.4741, 3.5504 0.5814 0.4176, 3.5504 0.5932 0.4421, 3.5504 0.5527 0.2433, 3.5504 0.5513 0.2506, 3.5504 0.5094 0.2806, 3.5504 0.5086 0.2288, 3.5504 0.4988 0.2317, 3.5504 0.4925 0.291, 3.5504 0.5396 0.4756, 3.5504 0.7679 0.3185, 3.5504 0.7439 0.3596, 3.5504 0.6595 0.2613, 3.5504 0.6402 0.3054, 3.5504 0.6595 0.2535, 3.5504 0.6182 0.1851, 3.5504 0.6336 0.1958, 3.5504 0.5558 0.2368, 3.5504 0.5279 0.198, 3.5504 0.5164 0.2122, 3.5504 0.7934 0.3951, 3.5504 0.7996 0.3951, 3.5504 0.8313 0.4369, 3.5504 0.8143 0.3933, 3.5504 0.8351 0.4357, 3.5504 0.8278 0.3881, 3.5504 0.8581 0.4242, 3.5504 0.8791 0.4065, 3.5504 0.5732 0.4925, 3.5504 0.6106 0.4628, 3.5504 0.5914 0.5081, 3.5504 0.6313 0.4779, 3.5504 0.6103 0.5198, 3.5504 0.5322 0.4288, 3.5504 0.5404 0.4292, 3.5504 0.5485 0.4751, 3.5504 0.5586 0.4269, 3.5504 0.5759 0.4206, 3.5504 0.6059 0.2352, 3.5504 0.6017 0.2305, 3.5504 0.5958 0.2263, 3.5504 0.6009 0.1785, 3.5504 0.5891 0.2236, 3.5504 0.5821 0.1762, 3.5504 0.5814 0.2226, 3.5504 0.5792 0.1762, 3.5504 0.58 0.2226, 3.5504 0.5609 0.1791, 3.5504 0.5731 0.2238, 3.5504 0.5431 0.1866, 3.5504 0.5661 0.2268, 3.5504 0.5602 0.2313, 3.5504 0.6096 0.2636, 3.5504 0.6113 0.2564, 3.5504 0.6113 0.2493, 3.5504 0.6095 0.2419, 3.5504 0.8793 0.2621, 3.5504 0.8432 0.2928, 3.5504 0.8582 0.2442, 3.5504 0.8318 0.2835, 3.5504 0.8346 0.2327, 3.5504 0.8182 0.2771, 3.5504 0.8089 0.2272, 3.5504 0.8042 0.2744, 3.5504 0.7632 0.2272, 3.5504 0.7694 0.2744, 3.5504 0.7588 0.2279, 3.5504 0.5517 0.2581, 3.5504 0.5539 0.2654, 3.5504 0.5179 0.2972, 3.5504 0.5579 0.2718, 3.5504 0.5307 0.3119, 3.5504 0.561 0.275, 3.5504 0.5465 0.3229, 3.5504 0.567 0.2793, 3.5504 0.5636 0.3294, 3.5504 0.5738 0.282, 3.5504 0.5821 0.3317, 3.5504 0.5814 0.283, 3.5504 0.5915 0.3311, 3.5504 0.5878 0.2823, 3.5504 0.6102 0.3265, 3.5504 0.595 0.2797, 3.5504 0.6266 0.3177, 3.5504 0.6012 0.2755, 3.5504 0.6062 0.2699, 3.5504 0.8398 0.3797, 3.5504 0.8487 0.3698, 3.5504 0.8949 0.3845, 3.5504 0.8559 0.3565, 3.5504 0.9044 0.3609, 3.5504 0.8595 0.3417, 3.5504 0.9079 0.3356, 3.5504 0.8599 0.3348, 3.5504 0.9044 0.308, 3.5504 0.8581 0.3197, 3.5504 0.8946 0.2835, 3.5504 0.8527 0.3059, 3.5504 0.8442 0.2939, 3.5504 0.7895 0.4981, 3.5504 0.7592 0.4625, 3.5504 0.8152 0.4683, 3.5504 0.7767 0.4417, 3.5504 0.7886 0.4168, 3.5504 0.4653 0.3706, 3.5504 0.4144 0.3577, 3.5504 0.463 0.3518, 3.5504 0.4142 0.3503, 3.5504 0.4639 0.3398, 3.5504 0.418 0.3199, 3.5504 0.4695 0.3209, 3.5504 0.4291 0.2911, 3.5504 0.4787 0.3053, 3.5504 0.4467 0.2659, 3.5504 0.4709 0.2453, 3.5504 0.646 0.5336, 3.5504 0.6566 0.4882, 3.5504 0.6843 0.5383, 3.5504 0.6851 0.4919, 3.5504 0.7173 0.5347, 3.5504 0.7113 0.4886, 3.5504 0.7561 0.5207, 3.5504 0.7356 0.4793, 3.5504 0.7573 0.4642, 3.5504 0.4804 0.4607, 3.5504 0.4558 0.4434, 3.5504 0.4827 0.4032, 3.5504 0.4506 0.4385, 3.5504 0.4719 0.3878, 3.5504 0.432 0.4146, 3.5504 0.4196 0.3868, 3.5504 0.7655 0.2752, 3.5504 0.7469 0.2354, 3.5504 0.7487 0.2335, 3.5504 0.7678 0.2746, 3.5504 0.7537 0.23, 3.5504 0.7408 0.2512, 3.5504 0.7415 0.2455, 3.5504 0.7435 0.2402, 3.5504 0.7588 0.2744, 3.5504 0.7534 0.2723, 3.5504 0.741 0.2543, 3.5504 0.7487 0.269, 3.5504 0.7455 0.2654, 3.5504 0.7425 0.2602, 3.5504 0.7648 0.2752, 3.5465 0.8842 0.3993, 3.5465 0.8949 0.3845, 3.5465 0.9017 0.3674, 3.5465 0.9044 0.3609, 3.5465 0.9079 0.3356, 3.5465 0.8791 0.4065, 3.5465 0.8581 0.4242, 3.5465 0.8351 0.4357, 3.5465 0.8313 0.4369, 3.5465 0.8152 0.4683, 3.5465 0.7895 0.4981, 3.5465 0.7719 0.51, 3.5465 0.7561 0.5207, 3.5465 0.7173 0.5347, 3.5465 0.6843 0.5383, 3.5465 0.646 0.5336, 3.5465 0.6103 0.5198, 3.5465 0.5945 0.51, 3.5465 0.5914 0.5081, 3.5465 0.5732 0.4925, 3.5465 0.5574 0.4741, 3.5465 0.5485 0.4751, 3.5465 0.5396 0.4756, 3.5465 0.5091 0.4719, 3.5465 0.4804 0.4607, 3.5465 0.4558 0.4434, 3.5465 0.4506 0.4385, 3.5465 0.4162 0.3674, 3.5465 0.4196 0.3868, 3.5465 0.4252 0.3993, 3.5465 0.432 0.4146, 3.5465 0.4144 0.3577, 3.5465 0.4142 0.3503, 3.5465 0.418 0.3199, 3.5465 0.4291 0.2911, 3.5465 0.4467 0.2659, 3.5465 0.4709 0.2453, 3.5465 0.4988 0.2317, 3.5465 0.5086 0.2288, 3.5465 0.5096 0.2267, 3.5465 0.5164 0.2122, 3.5465 0.5279 0.198, 3.5465 0.5431 0.1866, 3.5465 0.5501 0.1836, 3.5465 0.5609 0.1791, 3.5465 0.5792 0.1762, 3.5465 0.5821 0.1762, 3.5465 0.6595 0.2535, 3.5465 0.6009 0.1785, 3.5465 0.6142 0.1836, 3.5465 0.6182 0.1851, 3.5465 0.6336 0.1958, 3.5465 0.6454 0.2091, 3.5465 0.6545 0.2263, 3.5465 0.6546 0.2267, 3.5465 0.6591 0.2454, 3.5465 0.6595 0.2613, 3.5465 0.7679 0.3185, 3.5465 0.7439 0.3596, 3.5465 0.6402 0.3054, 3.5465 0.6266 0.3177, 3.5465 0.6102 0.3265, 3.5465 0.5915 0.3311, 3.5465 0.5821 0.3317, 3.5465 0.5636 0.3294, 3.5465 0.5465 0.3229, 3.5465 0.5307 0.3119, 3.5465 0.5179 0.2972, 3.5465 0.5094 0.2806, 3.5465 0.4925 0.291, 3.5465 0.4787 0.3053, 3.5465 0.4695 0.3209, 3.5465 0.4639 0.3398, 3.5465 0.463 0.3518, 3.5465 0.4649 0.3674, 3.5465 0.4653 0.3706, 3.5465 0.4719 0.3878, 3.5465 0.48 0.3993, 3.5465 0.4827 0.4032, 3.5465 0.4959 0.4151, 3.5465 0.5131 0.4242, 3.5465 0.5322 0.4288, 3.5465 0.5404 0.4292, 3.5465 0.5586 0.4269, 3.5465 0.5759 0.4206, 3.5465 0.5814 0.4176, 3.5465 0.5932 0.4421, 3.5465 0.6106 0.4628, 3.5465 0.6313 0.4779, 3.5465 0.6566 0.4882, 3.5465 0.6851 0.4919, 3.5465 0.7113 0.4886, 3.5465 0.7356 0.4793, 3.5465 0.7573 0.4642, 3.5465 0.7592 0.4625, 3.5465 0.7767 0.4417, 3.5465 0.7886 0.4168, 3.5465 0.7925 0.3993, 3.5465 0.7934 0.3951, 3.5465 0.7996 0.3951, 3.5465 0.8143 0.3933, 3.5465 0.8278 0.3881, 3.5465 0.8398 0.3797, 3.5465 0.8487 0.3698, 3.5465 0.85 0.3674, 3.5465 0.8559 0.3565, 3.5465 0.8595 0.3417, 3.5465 0.8599 0.3348, 3.5465 0.8581 0.3197, 3.5465 0.8527 0.3059, 3.5465 0.8442 0.2939, 3.5465 0.8432 0.2928, 3.5465 0.8318 0.2835, 3.5465 0.8182 0.2771, 3.5465 0.8042 0.2744, 3.5465 0.7694 0.2744, 3.5465 0.7678 0.2746, 3.5465 0.7655 0.2752, 3.5465 0.7648 0.2752, 3.5465 0.7588 0.2744, 3.5465 0.7534 0.2723, 3.5465 0.7487 0.269, 3.5465 0.7455 0.2654, 3.5465 0.7425 0.2602, 3.5465 0.741 0.2543, 3.5465 0.7408 0.2512, 3.5465 0.7415 0.2455, 3.5465 0.7435 0.2402, 3.5465 0.7469 0.2354, 3.5465 0.7487 0.2335, 3.5465 0.7537 0.23, 3.5465 0.7588 0.2279, 3.5465 0.7632 0.2272, 3.5465 0.8089 0.2272, 3.5465 0.8346 0.2327, 3.5465 0.8582 0.2442, 3.5465 0.8793 0.2621, 3.5465 0.8946 0.2835, 3.5465 0.9044 0.308, 3.5465 0.5814 0.283, 3.5465 0.5878 0.2823, 3.5465 0.595 0.2797, 3.5465 0.6012 0.2755, 3.5465 0.6062 0.2699, 3.5465 0.6096 0.2636, 3.5465 0.6113 0.2564, 3.5465 0.6113 0.2493, 3.5465 0.6095 0.2419, 3.5465 0.6059 0.2352, 3.5465 0.6017 0.2305, 3.5465 0.5958 0.2263, 3.5465 0.5891 0.2236, 3.5465 0.5814 0.2226, 3.5465 0.58 0.2226, 3.5465 0.5731 0.2238, 3.5465 0.5661 0.2268, 3.5465 0.5602 0.2313, 3.5465 0.5558 0.2368, 3.5465 0.5527 0.2433, 3.5465 0.5513 0.2506, 3.5465 0.5517 0.2581, 3.5465 0.5539 0.2654, 3.5465 0.5579 0.2718, 3.5465 0.561 0.275, 3.5465 0.567 0.2793, 3.5465 0.5738 0.282
            ]
        }
        coordIndex [
            0,1,2,-1,3,4,5,-1,6,7,8,-1,9,10,11,-1,12,11,13,-1,13,11,14,-1,2,1,15,-1,16,17,18,-1,18,17,19,-1,18,19,20,-1,20,19,21,-1,20,21,5,-1,5,21,22,-1,5,22,3,-1,23,9,24,-1,24,9,11,-1,24,11,25,-1,25,11,12,-1,26,27,28,-1,28,27,29,-1,28,29,30,-1,30,29,31,-1,30,31,32,-1,32,31,33,-1,6,8,34,-1,34,8,35,-1,34,35,36,-1,36,35,37,-1,36,37,38,-1,1,39,15,-1,15,39,40,-1,15,40,41,-1,41,40,42,-1,41,42,6,-1,6,42,43,-1,6,43,7,-1,44,45,21,-1,21,45,46,-1,21,46,47,-1,47,46,48,-1,47,48,49,-1,49,48,50,-1,49,50,51,-1,51,50,52,-1,51,52,53,-1,53,52,54,-1,53,54,55,-1,55,54,56,-1,55,56,24,-1,24,56,57,-1,24,57,23,-1,58,59,19,-1,19,59,60,-1,19,60,21,-1,21,60,61,-1,21,61,44,-1,62,63,64,-1,64,63,65,-1,64,65,66,-1,66,65,67,-1,66,67,68,-1,68,67,69,-1,68,69,70,-1,70,69,71,-1,70,71,72,-1,10,73,11,-1,11,73,74,-1,11,74,75,-1,75,74,76,-1,75,76,77,-1,77,76,78,-1,77,78,79,-1,79,78,80,-1,79,80,81,-1,81,80,82,-1,81,82,83,-1,83,82,84,-1,83,84,85,-1,85,84,86,-1,85,86,87,-1,87,86,88,-1,87,88,89,-1,89,88,90,-1,89,90,19,-1,19,90,91,-1,19,91,58,-1,31,92,33,-1,33,92,93,-1,33,93,94,-1,94,93,95,-1,94,95,96,-1,96,95,97,-1,96,97,98,-1,98,97,99,-1,98,99,100,-1,100,99,101,-1,100,101,102,-1,102,101,103,-1,102,103,62,-1,62,103,104,-1,62,104,63,-1,105,106,107,-1,107,106,108,-1,107,108,28,-1,28,108,109,-1,28,109,26,-1,110,111,112,-1,112,111,113,-1,112,113,114,-1,114,113,115,-1,114,115,116,-1,116,115,117,-1,116,117,118,-1,118,117,119,-1,118,119,14,-1,14,119,120,-1,14,120,13,-1,38,37,121,-1,121,37,122,-1,121,122,123,-1,123,122,124,-1,123,124,125,-1,125,124,126,-1,125,126,127,-1,127,126,128,-1,127,128,105,-1,105,128,129,-1,105,129,106,-1,2,130,0,-1,0,130,131,-1,0,131,132,-1,132,131,133,-1,132,133,134,-1,134,133,135,-1,134,135,110,-1,110,135,136,-1,110,136,111,-1,137,138,139,-1,71,140,72,-1,72,140,137,-1,72,137,141,-1,141,137,139,-1,142,143,137,-1,137,143,144,-1,137,144,138,-1,145,146,147,-1,146,148,147,-1,147,148,149,-1,147,149,150,-1,142,137,147,-1,147,137,151,-1,147,151,145,-1,152,33,153,-1,153,33,94,-1,153,94,154,-1,154,94,96,-1,154,96,155,-1,155,96,98,-1,155,98,156,-1,152,157,33,-1,33,157,158,-1,33,158,32,-1,32,158,159,-1,32,159,30,-1,30,159,160,-1,30,160,28,-1,28,160,161,-1,28,161,107,-1,107,161,162,-1,107,162,105,-1,127,105,163,-1,163,105,162,-1,163,164,127,-1,127,164,165,-1,127,165,125,-1,125,165,166,-1,125,166,123,-1,123,166,167,-1,123,167,121,-1,121,167,168,-1,121,168,38,-1,38,168,36,-1,36,168,169,-1,36,169,170,-1,36,170,171,-1,36,171,34,-1,34,171,172,-1,34,172,6,-1,6,172,173,-1,6,173,41,-1,41,173,174,-1,41,174,15,-1,15,174,175,-1,15,175,2,-1,2,175,176,-1,2,176,130,-1,130,176,177,-1,130,177,131,-1,131,177,178,-1,131,178,133,-1,179,111,180,-1,180,111,136,-1,180,136,181,-1,181,136,135,-1,181,135,182,-1,182,135,133,-1,182,133,178,-1,179,183,111,-1,111,183,184,-1,111,184,113,-1,113,184,185,-1,113,185,115,-1,115,185,186,-1,115,186,117,-1,117,186,187,-1,117,187,119,-1,119,187,188,-1,119,188,120,-1,120,188,189,-1,120,189,13,-1,13,189,190,-1,13,190,12,-1,12,190,191,-1,12,191,25,-1,191,192,25,-1,25,192,193,-1,25,193,24,-1,24,193,194,-1,24,194,55,-1,55,194,195,-1,55,195,53,-1,195,196,53,-1,53,196,197,-1,53,197,51,-1,51,197,198,-1,51,198,49,-1,199,20,5,-1,49,198,200,-1,201,21,200,-1,200,21,47,-1,200,47,49,-1,201,202,21,-1,21,202,203,-1,21,203,22,-1,22,203,204,-1,22,204,3,-1,3,204,205,-1,3,205,4,-1,4,205,206,-1,4,206,5,-1,5,206,207,-1,5,207,199,-1,18,20,208,-1,208,20,199,-1,16,18,209,-1,209,18,208,-1,17,16,210,-1,210,16,209,-1,19,17,211,-1,211,17,210,-1,19,211,212,-1,19,212,89,-1,89,212,213,-1,89,213,87,-1,87,213,214,-1,87,214,85,-1,85,214,215,-1,85,215,83,-1,83,215,216,-1,83,216,81,-1,81,216,217,-1,81,217,79,-1,79,217,218,-1,79,218,77,-1,77,218,219,-1,77,219,75,-1,75,219,220,-1,75,220,11,-1,11,220,221,-1,11,221,14,-1,14,221,222,-1,14,222,118,-1,118,222,223,-1,118,223,116,-1,116,223,224,-1,116,224,114,-1,114,224,225,-1,114,225,112,-1,110,112,225,-1,225,226,110,-1,110,226,227,-1,110,227,228,-1,229,132,228,-1,228,132,134,-1,228,134,110,-1,229,230,132,-1,132,230,231,-1,132,231,0,-1,0,231,232,-1,0,232,1,-1,1,232,233,-1,1,233,39,-1,39,233,234,-1,39,234,40,-1,40,234,235,-1,40,235,42,-1,42,235,236,-1,42,236,43,-1,43,236,237,-1,43,237,7,-1,7,237,238,-1,7,238,8,-1,8,238,239,-1,8,239,35,-1,35,239,240,-1,35,240,37,-1,37,240,241,-1,37,241,122,-1,122,241,242,-1,122,242,124,-1,124,242,243,-1,124,243,126,-1,126,243,244,-1,126,244,128,-1,128,244,245,-1,128,245,129,-1,129,245,246,-1,129,246,106,-1,106,246,247,-1,106,247,108,-1,108,247,248,-1,108,248,109,-1,109,248,26,-1,26,248,249,-1,26,249,250,-1,27,26,251,-1,251,26,250,-1,27,251,252,-1,27,252,29,-1,29,252,253,-1,29,253,31,-1,31,253,254,-1,31,254,92,-1,92,254,255,-1,92,255,93,-1,93,255,256,-1,93,256,95,-1,256,257,95,-1,95,257,258,-1,95,258,97,-1,97,258,259,-1,97,259,99,-1,99,259,260,-1,99,260,101,-1,101,260,261,-1,101,261,103,-1,103,261,262,-1,103,262,104,-1,104,262,263,-1,104,263,63,-1,63,263,264,-1,63,264,65,-1,65,264,265,-1,65,265,67,-1,67,265,266,-1,67,266,69,-1,71,69,267,-1,267,69,266,-1,71,267,268,-1,71,268,140,-1,140,268,269,-1,140,269,137,-1,137,269,270,-1,137,270,151,-1,151,270,271,-1,151,271,145,-1,145,271,272,-1,145,272,146,-1,146,272,273,-1,146,273,148,-1,148,273,274,-1,148,274,149,-1,149,274,275,-1,149,275,150,-1,150,275,276,-1,150,276,147,-1,147,276,277,-1,147,277,142,-1,142,277,278,-1,142,278,143,-1,143,278,279,-1,143,279,144,-1,144,279,280,-1,144,280,138,-1,138,280,281,-1,138,281,139,-1,139,281,282,-1,139,282,141,-1,141,282,283,-1,141,283,72,-1,72,283,284,-1,72,284,70,-1,68,70,285,-1,285,70,284,-1,68,285,286,-1,68,286,66,-1,66,286,287,-1,66,287,64,-1,64,287,288,-1,64,288,62,-1,62,288,289,-1,62,289,102,-1,102,289,290,-1,102,290,100,-1,100,290,156,-1,100,156,98,-1,84,291,292,-1,84,292,86,-1,86,292,293,-1,86,293,88,-1,88,293,294,-1,88,294,90,-1,90,294,295,-1,90,295,91,-1,91,295,296,-1,91,296,58,-1,58,296,297,-1,58,297,59,-1,59,297,298,-1,59,298,60,-1,60,298,299,-1,60,299,61,-1,61,299,300,-1,61,300,44,-1,44,300,301,-1,44,301,45,-1,45,301,302,-1,45,302,46,-1,46,302,303,-1,46,303,48,-1,48,303,304,-1,48,304,50,-1,50,304,305,-1,50,305,52,-1,52,305,306,-1,52,306,54,-1,54,306,307,-1,54,307,56,-1,56,307,308,-1,56,308,57,-1,57,308,309,-1,57,309,23,-1,23,309,310,-1,23,310,9,-1,9,310,311,-1,9,311,10,-1,10,311,312,-1,10,312,73,-1,73,312,313,-1,73,313,74,-1,74,313,314,-1,74,314,76,-1,76,314,315,-1,76,315,78,-1,78,315,316,-1,78,316,80,-1,80,316,317,-1,80,317,82,-1,82,317,291,-1,82,291,84,-1,
        ]
    }
}
Shape{
    appearance Appearance {
        material  Material 	{
            diffuseColor 0.25098039215686274 0.25098039215686274 0.25098039215686274
            specularColor 0.12549019607843137 0.12549019607843137 0.12549019607843137
            ambientIntensity 0.251
            transparency 0.0
            shininess 0.5
        }
    }
    geometry IndexedFaceSet {
        ccw TRUE
        solid FALSE
        coord DEF co Coordinate {
            point [
                3.5465 0.58 0.2226, 3.5465 0.561 0.275, 3.5465 0.5579 0.2718, 3.5465 0.5891 0.2236, 3.5465 0.5958 0.2263, 3.5465 0.5878 0.2823, 3.5465 0.5814 0.283, 3.5465 0.5738 0.282, 3.5465 0.567 0.2793, 3.5465 0.5527 0.2433, 3.5465 0.5558 0.2368, 3.5465 0.5602 0.2313, 3.5465 0.5814 0.2226, 3.5465 0.5539 0.2654, 3.5465 0.5517 0.2581, 3.5465 0.5513 0.2506, 3.5465 0.5661 0.2268, 3.5465 0.5731 0.2238, 3.5465 0.6017 0.2305, 3.5465 0.6059 0.2352, 3.5465 0.6095 0.2419, 3.5465 0.6113 0.2493, 3.5465 0.6113 0.2564, 3.5465 0.6096 0.2636, 3.5465 0.6062 0.2699, 3.5465 0.6012 0.2755, 3.5465 0.595 0.2797
            ]
        }
        coordIndex [
            0,1,2,-1,3,4,5,-1,6,7,0,-1,0,7,8,-1,0,8,1,-1,9,10,2,-1,2,10,11,-1,6,0,5,-1,5,0,12,-1,5,12,3,-1,13,14,2,-1,2,14,15,-1,2,15,9,-1,11,16,2,-1,2,16,17,-1,2,17,0,-1,4,18,5,-1,5,18,19,-1,5,19,20,-1,20,21,5,-1,5,21,22,-1,5,22,23,-1,23,24,5,-1,5,24,25,-1,5,25,26,-1,
        ]
    }
}
Shape{
    appearance Appearance {
        material  Material 	{
            diffuseColor 0.7529411764705882 0.7529411764705882 0.7529411764705882
            specularColor 0.3764705882352941 0.3764705882352941 0.3764705882352941
            ambientIntensity 0.7529
            transparency 0.0
            shininess 0.5
        }
    }
    geometry IndexedFaceSet {
        ccw TRUE
        solid FALSE
        coord DEF co Coordinate {
            point [
                0.889 2.7943 0.5787, 0.889 2.7943 0.4213, 0.891 2.8096 0.5787, 0.891 2.8096 0.4213, 0.8969 2.8238 0.5787, 0.8969 2.8238 0.4213, 0.9063 2.8361 0.5787, 0.9063 2.8361 0.4213, 0.9185 2.8454 0.5787, 0.9185 2.8454 0.4213, 0.9327 2.8513 0.5787, 0.9327 2.8513 0.4213, 0.948 2.8534 0.5787, 0.948 2.8534 0.4213, 0.9633 2.8513 0.5787, 0.9633 2.8513 0.4213, 0.9776 2.8454 0.5787, 0.9776 2.8454 0.4213, 0.9898 2.8361 0.5787, 0.9898 2.8361 0.4213, 0.9992 2.8238 0.5787, 0.9992 2.8238 0.4213, 1.0051 2.8096 0.5787, 1.0051 2.8096 0.4213, 1.0071 2.7943 0.5787, 1.0071 2.7943 0.4213, 1.0071 0.9045 0.5787, 1.0071 0.9045 0.4213, 1.0077 0.8977 0.4213, 1.0077 0.8977 0.5787, 1.0095 0.8911 0.4213, 1.0095 0.8911 0.5787, 1.0526 0.7723 0.5787, 1.0526 0.7723 0.4213, 1.0568 0.764 0.4213, 1.0568 0.764 0.5787, 1.0629 0.7569 0.4213, 1.0629 0.7569 0.5787, 1.0704 0.7514 0.4213, 1.0704 0.7514 0.5787, 1.0791 0.7478 0.4213, 1.0791 0.7478 0.5787, 1.0883 0.7464 0.4213, 1.0883 0.7464 0.5787, 1.0976 0.7472 0.4213, 1.0976 0.7472 0.5787, 1.1065 0.7502 0.4213, 1.1065 0.7502 0.5787, 1.1144 0.7552 0.4213, 1.1144 0.7552 0.5787, 1.1209 0.7619 0.4213, 1.1209 0.7619 0.5787, 1.1256 0.77 0.4213, 1.1256 0.77 0.5787, 1.1284 0.7789 0.4213, 1.1284 0.7789 0.5787, 1.1665 0.995 0.5787, 1.1665 0.995 0.4213, 1.1671 1.0018 0.4213, 1.1671 1.0018 0.5787, 1.1671 2.3529 0.5787, 1.1671 2.3529 0.4213, 1.2827 2.3529 0.5787, 1.2827 2.3529 0.4213, 1.2827 2.471 0.5787, 1.2827 2.471 0.4213, 1.1671 2.471 0.5787, 1.1671 2.471 0.4213, 1.1671 2.529 0.5787, 1.1671 2.529 0.4213, 1.0986 2.529 0.5787, 1.0986 2.529 0.4213, 1.0986 2.6107 0.5787, 1.0986 2.6107 0.4213, 1.074 2.6107 0.5787, 1.074 2.6107 0.4213, 1.074 4.3118 0.0, 1.074 4.3118 0.1575, 1.074 3.8766 0.0, 1.074 3.889 0.1575, 1.074 3.8527 0.0024, 1.074 3.8298 0.0097, 1.074 3.2005 0.5787, 1.074 3.2005 0.4213, 1.074 3.2562 0.573, 1.074 3.2244 0.4188, 1.074 3.3097 0.5562, 1.074 3.2473 0.4116, 1.074 3.3586 0.5289, 1.074 3.2683 0.3999, 1.074 3.8089 0.0214, 0.822 3.8527 0.0024, 0.822 3.889 0.1575, 0.822 3.8766 0.0, 0.822 4.3118 0.1575, 0.822 4.3118 0.0, 0.822 2.6107 0.4213, 0.822 2.6107 0.5787, 0.822 3.2005 0.4213, 0.822 3.2005 0.5787, 0.822 3.2244 0.4188, 0.822 3.2562 0.573, 0.822 3.2473 0.4116, 0.822 3.3097 0.5562, 0.822 3.2683 0.3999, 0.822 3.3586 0.5289, 0.822 3.8089 0.0214, 0.822 3.8298 0.0097, 0.7975 2.6107 0.5787, 0.7975 2.6107 0.4213, 0.7975 2.529 0.5787, 0.7975 2.529 0.4213, 0.7289 2.529 0.5787, 0.7289 2.529 0.4213, 0.7289 2.471 0.5787, 0.7289 2.471 0.4213, 0.6134 2.471 0.5787, 0.6134 2.471 0.4213, 0.6134 2.3529 0.5787, 0.6134 2.3529 0.4213, 0.7289 2.3529 0.5787, 0.7289 2.3529 0.4213, 0.7289 1.0018 0.5787, 0.7289 1.0018 0.4213, 0.7295 0.995 0.4213, 0.7295 0.995 0.5787, 0.7677 0.7789 0.5787, 0.7677 0.7789 0.4213, 0.7704 0.77 0.4213, 0.7704 0.77 0.5787, 0.7752 0.7619 0.4213, 0.7752 0.7619 0.5787, 0.7817 0.7552 0.4213, 0.7817 0.7552 0.5787, 0.7896 0.7502 0.4213, 0.7896 0.7502 0.5787, 0.7984 0.7472 0.4213, 0.7984 0.7472 0.5787, 0.8077 0.7464 0.4213, 0.8077 0.7464 0.5787, 0.817 0.7478 0.4213, 0.817 0.7478 0.5787, 0.8256 0.7514 0.4213, 0.8256 0.7514 0.5787, 0.8332 0.7569 0.4213, 0.8332 0.7569 0.5787, 0.8393 0.764 0.4213, 0.8393 0.764 0.5787, 0.8435 0.7723 0.4213, 0.8435 0.7723 0.5787, 0.8866 0.8911 0.5787, 0.8866 0.8911 0.4213, 0.8884 0.8977 0.4213, 0.8884 0.8977 0.5787, 0.889 0.9045 0.4213, 0.889 0.9045 0.5787, 1.0393 4.5087 0.0, 0.8568 4.5087 0.0, 0.8568 4.5087 0.1575, 1.0393 4.5087 0.1575, 1.889 2.7943 0.5787, 1.889 2.7943 0.4213, 1.891 2.8096 0.5787, 1.891 2.8096 0.4213, 1.8969 2.8238 0.5787, 1.8969 2.8238 0.4213, 1.9063 2.8361 0.5787, 1.9063 2.8361 0.4213, 1.9185 2.8454 0.5787, 1.9185 2.8454 0.4213, 1.9327 2.8513 0.5787, 1.9327 2.8513 0.4213, 1.948 2.8534 0.5787, 1.948 2.8534 0.4213, 1.9633 2.8513 0.5787, 1.9633 2.8513 0.4213, 1.9776 2.8454 0.5787, 1.9776 2.8454 0.4213, 1.9898 2.8361 0.5787, 1.9898 2.8361 0.4213, 1.9992 2.8238 0.5787, 1.9992 2.8238 0.4213, 2.0051 2.8096 0.5787, 2.0051 2.8096 0.4213, 2.0071 2.7943 0.5787, 2.0071 2.7943 0.4213, 2.0071 0.9045 0.5787, 2.0071 0.9045 0.4213, 2.0077 0.8977 0.4213, 2.0077 0.8977 0.5787, 2.0095 0.8911 0.4213, 2.0095 0.8911 0.5787, 2.0526 0.7723 0.5787, 2.0526 0.7723 0.4213, 2.0568 0.764 0.4213, 2.0568 0.764 0.5787, 2.0629 0.7569 0.4213, 2.0629 0.7569 0.5787, 2.0704 0.7514 0.4213, 2.0704 0.7514 0.5787, 2.0791 0.7478 0.4213, 2.0791 0.7478 0.5787, 2.0883 0.7464 0.4213, 2.0883 0.7464 0.5787, 2.0976 0.7472 0.4213, 2.0976 0.7472 0.5787, 2.1065 0.7502 0.4213, 2.1065 0.7502 0.5787, 2.1144 0.7552 0.4213, 2.1144 0.7552 0.5787, 2.1209 0.7619 0.4213, 2.1209 0.7619 0.5787, 2.1256 0.77 0.4213, 2.1256 0.77 0.5787, 2.1284 0.7789 0.4213, 2.1284 0.7789 0.5787, 2.1665 0.995 0.5787, 2.1665 0.995 0.4213, 2.1671 1.0018 0.4213, 2.1671 1.0018 0.5787, 2.1671 2.3529 0.5787, 2.1671 2.3529 0.4213, 2.2827 2.3529 0.5787, 2.2827 2.3529 0.4213, 2.2827 2.471 0.5787, 2.2827 2.471 0.4213, 2.1671 2.471 0.5787, 2.1671 2.471 0.4213, 2.1671 2.529 0.5787, 2.1671 2.529 0.4213, 2.0986 2.529 0.5787, 2.0986 2.529 0.4213, 2.0986 2.6107 0.5787, 2.0986 2.6107 0.4213, 2.074 2.6107 0.5787, 2.074 2.6107 0.4213, 2.074 4.3118 0.0, 2.074 4.3118 0.1575, 2.074 3.8766 0.0, 2.074 3.889 0.1575, 2.074 3.8527 0.0024, 2.074 3.8298 0.0097, 2.074 3.2005 0.5787, 2.074 3.2005 0.4213, 2.074 3.2562 0.573, 2.074 3.2244 0.4188, 2.074 3.3097 0.5562, 2.074 3.2473 0.4116, 2.074 3.3586 0.5289, 2.074 3.2683 0.3999, 2.074 3.8089 0.0214, 1.822 3.8527 0.0024, 1.822 3.889 0.1575, 1.822 3.8766 0.0, 1.822 4.3118 0.1575, 1.822 4.3118 0.0, 1.822 2.6107 0.4213, 1.822 2.6107 0.5787, 1.822 3.2005 0.4213, 1.822 3.2005 0.5787, 1.822 3.2244 0.4188, 1.822 3.2562 0.573, 1.822 3.2473 0.4116, 1.822 3.3097 0.5562, 1.822 3.2683 0.3999, 1.822 3.3586 0.5289, 1.822 3.8089 0.0214, 1.822 3.8298 0.0097, 1.7975 2.6107 0.5787, 1.7975 2.6107 0.4213, 1.7975 2.529 0.5787, 1.7975 2.529 0.4213, 1.7289 2.529 0.5787, 1.7289 2.529 0.4213, 1.7289 2.471 0.5787, 1.7289 2.471 0.4213, 1.6134 2.471 0.5787, 1.6134 2.471 0.4213, 1.6134 2.3529 0.5787, 1.6134 2.3529 0.4213, 1.7289 2.3529 0.5787, 1.7289 2.3529 0.4213, 1.7289 1.0018 0.5787, 1.7289 1.0018 0.4213, 1.7295 0.995 0.4213, 1.7295 0.995 0.5787, 1.7677 0.7789 0.5787, 1.7677 0.7789 0.4213, 1.7704 0.77 0.4213, 1.7704 0.77 0.5787, 1.7752 0.7619 0.4213, 1.7752 0.7619 0.5787, 1.7817 0.7552 0.4213, 1.7817 0.7552 0.5787, 1.7896 0.7502 0.4213, 1.7896 0.7502 0.5787, 1.7984 0.7472 0.4213, 1.7984 0.7472 0.5787, 1.8077 0.7464 0.4213, 1.8077 0.7464 0.5787, 1.817 0.7478 0.4213, 1.817 0.7478 0.5787, 1.8256 0.7514 0.4213, 1.8256 0.7514 0.5787, 1.8332 0.7569 0.4213, 1.8332 0.7569 0.5787, 1.8393 0.764 0.4213, 1.8393 0.764 0.5787, 1.8435 0.7723 0.4213, 1.8435 0.7723 0.5787, 1.8866 0.8911 0.5787, 1.8866 0.8911 0.4213, 1.8884 0.8977 0.4213, 1.8884 0.8977 0.5787, 1.889 0.9045 0.4213, 1.889 0.9045 0.5787, 2.0393 4.5087 0.0, 1.8568 4.5087 0.0, 1.8568 4.5087 0.1575, 2.0393 4.5087 0.1575, 2.889 2.7943 0.5787, 2.889 2.7943 0.4213, 2.891 2.8096 0.5787, 2.891 2.8096 0.4213, 2.8969 2.8238 0.5787, 2.8969 2.8238 0.4213, 2.9063 2.8361 0.5787, 2.9063 2.8361 0.4213, 2.9185 2.8454 0.5787, 2.9185 2.8454 0.4213, 2.9327 2.8513 0.5787, 2.9327 2.8513 0.4213, 2.948 2.8534 0.5787, 2.948 2.8534 0.4213, 2.9633 2.8513 0.5787, 2.9633 2.8513 0.4213, 2.9776 2.8454 0.5787, 2.9776 2.8454 0.4213, 2.9898 2.8361 0.5787, 2.9898 2.8361 0.4213, 2.9992 2.8238 0.5787, 2.9992 2.8238 0.4213, 3.0051 2.8096 0.5787, 3.0051 2.8096 0.4213, 3.0071 2.7943 0.5787, 3.0071 2.7943 0.4213, 3.0071 0.9045 0.5787, 3.0071 0.9045 0.4213, 3.0077 0.8977 0.4213, 3.0077 0.8977 0.5787, 3.0095 0.8911 0.4213, 3.0095 0.8911 0.5787, 3.0526 0.7723 0.5787, 3.0526 0.7723 0.4213, 3.0568 0.764 0.4213, 3.0568 0.764 0.5787, 3.0629 0.7569 0.4213, 3.0629 0.7569 0.5787, 3.0704 0.7514 0.4213, 3.0704 0.7514 0.5787, 3.0791 0.7478 0.4213, 3.0791 0.7478 0.5787, 3.0883 0.7464 0.4213, 3.0883 0.7464 0.5787, 3.0976 0.7472 0.4213, 3.0976 0.7472 0.5787, 3.1065 0.7502 0.4213, 3.1065 0.7502 0.5787, 3.1144 0.7552 0.4213, 3.1144 0.7552 0.5787, 3.1209 0.7619 0.4213, 3.1209 0.7619 0.5787, 3.1256 0.77 0.4213, 3.1256 0.77 0.5787, 3.1284 0.7789 0.4213, 3.1284 0.7789 0.5787, 3.1665 0.995 0.5787, 3.1665 0.995 0.4213, 3.1671 1.0018 0.4213, 3.1671 1.0018 0.5787, 3.1671 2.3529 0.5787, 3.1671 2.3529 0.4213, 3.2827 2.3529 0.5787, 3.2827 2.3529 0.4213, 3.2827 2.471 0.5787, 3.2827 2.471 0.4213, 3.1671 2.471 0.5787, 3.1671 2.471 0.4213, 3.1671 2.529 0.5787, 3.1671 2.529 0.4213, 3.0986 2.529 0.5787, 3.0986 2.529 0.4213, 3.0986 2.6107 0.5787, 3.0986 2.6107 0.4213, 3.074 2.6107 0.5787, 3.074 2.6107 0.4213, 3.074 4.3118 0.0, 3.074 4.3118 0.1575, 3.074 3.8766 0.0, 3.074 3.889 0.1575, 3.074 3.8527 0.0024, 3.074 3.8298 0.0097, 3.074 3.2005 0.5787, 3.074 3.2005 0.4213, 3.074 3.2562 0.573, 3.074 3.2244 0.4188, 3.074 3.3097 0.5562, 3.074 3.2473 0.4116, 3.074 3.3586 0.5289, 3.074 3.2683 0.3999, 3.074 3.8089 0.0214, 2.822 3.8527 0.0024, 2.822 3.889 0.1575, 2.822 3.8766 0.0, 2.822 4.3118 0.1575, 2.822 4.3118 0.0, 2.822 2.6107 0.4213, 2.822 2.6107 0.5787, 2.822 3.2005 0.4213, 2.822 3.2005 0.5787, 2.822 3.2244 0.4188, 2.822 3.2562 0.573, 2.822 3.2473 0.4116, 2.822 3.3097 0.5562, 2.822 3.2683 0.3999, 2.822 3.3586 0.5289, 2.822 3.8089 0.0214, 2.822 3.8298 0.0097, 2.7975 2.6107 0.5787, 2.7975 2.6107 0.4213, 2.7975 2.529 0.5787, 2.7975 2.529 0.4213, 2.7289 2.529 0.5787, 2.7289 2.529 0.4213, 2.7289 2.471 0.5787, 2.7289 2.471 0.4213, 2.6134 2.471 0.5787, 2.6134 2.471 0.4213, 2.6134 2.3529 0.5787, 2.6134 2.3529 0.4213, 2.7289 2.3529 0.5787, 2.7289 2.3529 0.4213, 2.7289 1.0018 0.5787, 2.7289 1.0018 0.4213, 2.7295 0.995 0.4213, 2.7295 0.995 0.5787, 2.7677 0.7789 0.5787, 2.7677 0.7789 0.4213, 2.7704 0.77 0.4213, 2.7704 0.77 0.5787, 2.7752 0.7619 0.4213, 2.7752 0.7619 0.5787, 2.7817 0.7552 0.4213, 2.7817 0.7552 0.5787, 2.7896 0.7502 0.4213, 2.7896 0.7502 0.5787, 2.7984 0.7472 0.4213, 2.7984 0.7472 0.5787, 2.8077 0.7464 0.4213, 2.8077 0.7464 0.5787, 2.817 0.7478 0.4213, 2.817 0.7478 0.5787, 2.8256 0.7514 0.4213, 2.8256 0.7514 0.5787, 2.8332 0.7569 0.4213, 2.8332 0.7569 0.5787, 2.8393 0.764 0.4213, 2.8393 0.764 0.5787, 2.8435 0.7723 0.4213, 2.8435 0.7723 0.5787, 2.8866 0.8911 0.5787, 2.8866 0.8911 0.4213, 2.8884 0.8977 0.4213, 2.8884 0.8977 0.5787, 2.889 0.9045 0.4213, 2.889 0.9045 0.5787, 3.0393 4.5087 0.0, 2.8568 4.5087 0.0, 2.8568 4.5087 0.1575, 3.0393 4.5087 0.1575
            ]
        }
        coordIndex [
            0,1,2,-1,2,1,3,-1,2,3,4,-1,4,3,5,-1,4,5,6,-1,6,5,7,-1,6,7,8,-1,8,7,9,-1,8,9,10,-1,10,9,11,-1,10,11,12,-1,12,11,13,-1,12,13,14,-1,14,13,15,-1,14,15,16,-1,16,15,17,-1,16,17,18,-1,18,17,19,-1,18,19,20,-1,20,19,21,-1,20,21,22,-1,22,21,23,-1,22,23,24,-1,24,23,25,-1,26,24,27,-1,27,24,25,-1,26,27,28,-1,26,28,29,-1,29,28,30,-1,29,30,31,-1,32,31,33,-1,33,31,30,-1,32,33,34,-1,32,34,35,-1,35,34,36,-1,35,36,37,-1,37,36,38,-1,37,38,39,-1,39,38,40,-1,39,40,41,-1,41,40,42,-1,41,42,43,-1,43,42,44,-1,43,44,45,-1,45,44,46,-1,45,46,47,-1,47,46,48,-1,47,48,49,-1,49,48,50,-1,49,50,51,-1,51,50,52,-1,51,52,53,-1,53,52,54,-1,53,54,55,-1,56,55,57,-1,57,55,54,-1,57,58,56,-1,56,58,59,-1,60,59,61,-1,61,59,58,-1,62,60,63,-1,63,60,61,-1,64,62,65,-1,65,62,63,-1,66,64,67,-1,67,64,65,-1,68,66,69,-1,69,66,67,-1,70,68,71,-1,71,68,69,-1,72,70,73,-1,73,70,71,-1,74,72,75,-1,75,72,73,-1,76,77,78,-1,78,77,79,-1,78,79,80,-1,80,79,81,-1,74,75,82,-1,82,75,83,-1,82,83,84,-1,84,83,85,-1,84,85,86,-1,86,85,87,-1,86,87,88,-1,88,87,89,-1,88,89,79,-1,79,89,90,-1,79,90,81,-1,91,92,93,-1,93,92,94,-1,93,94,95,-1,96,97,98,-1,98,97,99,-1,98,99,100,-1,100,99,101,-1,100,101,102,-1,102,101,103,-1,102,103,104,-1,104,103,105,-1,104,105,106,-1,106,105,92,-1,106,92,107,-1,107,92,91,-1,108,97,109,-1,109,97,96,-1,110,108,111,-1,111,108,109,-1,112,110,113,-1,113,110,111,-1,114,112,115,-1,115,112,113,-1,116,114,117,-1,117,114,115,-1,118,116,119,-1,119,116,117,-1,120,118,121,-1,121,118,119,-1,122,120,123,-1,123,120,121,-1,123,124,122,-1,122,124,125,-1,126,125,127,-1,127,125,124,-1,126,127,128,-1,126,128,129,-1,129,128,130,-1,129,130,131,-1,131,130,132,-1,131,132,133,-1,133,132,134,-1,133,134,135,-1,135,134,136,-1,135,136,137,-1,137,136,138,-1,137,138,139,-1,139,138,140,-1,139,140,141,-1,141,140,142,-1,141,142,143,-1,143,142,144,-1,143,144,145,-1,145,144,146,-1,145,146,147,-1,147,146,148,-1,147,148,149,-1,150,149,151,-1,151,149,148,-1,150,151,152,-1,150,152,153,-1,153,152,154,-1,153,154,155,-1,0,155,1,-1,1,155,154,-1,66,68,70,-1,59,60,26,-1,59,26,56,-1,70,72,74,-1,4,6,99,-1,26,29,56,-1,56,29,31,-1,56,31,55,-1,55,31,32,-1,55,32,35,-1,41,43,55,-1,55,43,45,-1,55,45,47,-1,60,62,64,-1,97,108,110,-1,35,37,55,-1,55,37,39,-1,55,39,41,-1,47,49,55,-1,55,49,51,-1,55,51,53,-1,112,114,110,-1,110,114,155,-1,110,155,97,-1,97,155,0,-1,97,0,99,-1,99,0,2,-1,99,2,4,-1,6,8,99,-1,99,8,10,-1,99,10,82,-1,82,10,12,-1,82,12,14,-1,14,16,82,-1,82,16,18,-1,82,18,20,-1,20,22,82,-1,82,22,24,-1,82,24,74,-1,74,24,26,-1,74,26,70,-1,70,26,60,-1,70,60,66,-1,66,60,64,-1,125,126,149,-1,116,118,114,-1,114,118,120,-1,114,120,155,-1,155,120,122,-1,155,122,153,-1,153,122,125,-1,153,125,150,-1,150,125,149,-1,139,129,131,-1,129,139,126,-1,126,139,141,-1,126,141,143,-1,143,145,126,-1,126,145,147,-1,126,147,149,-1,133,135,131,-1,131,135,137,-1,131,137,139,-1,124,123,154,-1,144,142,128,-1,134,132,130,-1,119,117,121,-1,121,117,115,-1,121,115,111,-1,111,115,113,-1,75,73,71,-1,109,96,111,-1,111,96,154,-1,111,154,121,-1,121,154,123,-1,9,7,98,-1,154,152,124,-1,124,152,151,-1,124,151,127,-1,127,151,148,-1,127,148,128,-1,128,148,146,-1,128,146,144,-1,142,140,128,-1,128,140,138,-1,128,138,130,-1,130,138,136,-1,130,136,134,-1,23,83,25,-1,25,83,75,-1,25,75,27,-1,27,75,71,-1,27,71,67,-1,67,71,69,-1,7,5,98,-1,98,5,3,-1,98,3,96,-1,96,3,1,-1,96,1,154,-1,23,21,83,-1,83,21,19,-1,83,19,17,-1,17,15,83,-1,83,15,13,-1,83,13,98,-1,98,13,11,-1,98,11,9,-1,57,54,33,-1,65,63,67,-1,67,63,61,-1,67,61,27,-1,27,61,58,-1,27,58,28,-1,28,58,57,-1,28,57,30,-1,30,57,33,-1,48,46,50,-1,50,46,52,-1,46,44,52,-1,52,44,42,-1,52,42,54,-1,54,42,40,-1,54,40,38,-1,38,36,54,-1,54,36,34,-1,54,34,33,-1,78,93,76,-1,76,93,95,-1,76,95,156,-1,156,95,157,-1,158,159,157,-1,157,159,156,-1,159,158,77,-1,77,158,94,-1,77,94,79,-1,79,94,92,-1,88,79,105,-1,105,79,92,-1,88,105,103,-1,88,103,86,-1,86,103,101,-1,86,101,84,-1,84,101,99,-1,84,99,82,-1,83,98,85,-1,85,98,100,-1,85,100,87,-1,87,100,102,-1,87,102,89,-1,89,102,104,-1,90,89,106,-1,106,89,104,-1,90,106,107,-1,90,107,81,-1,81,107,91,-1,81,91,80,-1,80,91,93,-1,80,93,78,-1,157,95,158,-1,158,95,94,-1,76,156,77,-1,77,156,159,-1,160,161,162,-1,162,161,163,-1,162,163,164,-1,164,163,165,-1,164,165,166,-1,166,165,167,-1,166,167,168,-1,168,167,169,-1,168,169,170,-1,170,169,171,-1,170,171,172,-1,172,171,173,-1,172,173,174,-1,174,173,175,-1,174,175,176,-1,176,175,177,-1,176,177,178,-1,178,177,179,-1,178,179,180,-1,180,179,181,-1,180,181,182,-1,182,181,183,-1,182,183,184,-1,184,183,185,-1,186,184,187,-1,187,184,185,-1,186,187,188,-1,186,188,189,-1,189,188,190,-1,189,190,191,-1,192,191,193,-1,193,191,190,-1,192,193,194,-1,192,194,195,-1,195,194,196,-1,195,196,197,-1,197,196,198,-1,197,198,199,-1,199,198,200,-1,199,200,201,-1,201,200,202,-1,201,202,203,-1,203,202,204,-1,203,204,205,-1,205,204,206,-1,205,206,207,-1,207,206,208,-1,207,208,209,-1,209,208,210,-1,209,210,211,-1,211,210,212,-1,211,212,213,-1,213,212,214,-1,213,214,215,-1,216,215,217,-1,217,215,214,-1,217,218,216,-1,216,218,219,-1,220,219,221,-1,221,219,218,-1,222,220,223,-1,223,220,221,-1,224,222,225,-1,225,222,223,-1,226,224,227,-1,227,224,225,-1,228,226,229,-1,229,226,227,-1,230,228,231,-1,231,228,229,-1,232,230,233,-1,233,230,231,-1,234,232,235,-1,235,232,233,-1,236,237,238,-1,238,237,239,-1,238,239,240,-1,240,239,241,-1,234,235,242,-1,242,235,243,-1,242,243,244,-1,244,243,245,-1,244,245,246,-1,246,245,247,-1,246,247,248,-1,248,247,249,-1,248,249,239,-1,239,249,250,-1,239,250,241,-1,251,252,253,-1,253,252,254,-1,253,254,255,-1,256,257,258,-1,258,257,259,-1,258,259,260,-1,260,259,261,-1,260,261,262,-1,262,261,263,-1,262,263,264,-1,264,263,265,-1,264,265,266,-1,266,265,252,-1,266,252,267,-1,267,252,251,-1,268,257,269,-1,269,257,256,-1,270,268,271,-1,271,268,269,-1,272,270,273,-1,273,270,271,-1,274,272,275,-1,275,272,273,-1,276,274,277,-1,277,274,275,-1,278,276,279,-1,279,276,277,-1,280,278,281,-1,281,278,279,-1,282,280,283,-1,283,280,281,-1,283,284,282,-1,282,284,285,-1,286,285,287,-1,287,285,284,-1,286,287,288,-1,286,288,289,-1,289,288,290,-1,289,290,291,-1,291,290,292,-1,291,292,293,-1,293,292,294,-1,293,294,295,-1,295,294,296,-1,295,296,297,-1,297,296,298,-1,297,298,299,-1,299,298,300,-1,299,300,301,-1,301,300,302,-1,301,302,303,-1,303,302,304,-1,303,304,305,-1,305,304,306,-1,305,306,307,-1,307,306,308,-1,307,308,309,-1,310,309,311,-1,311,309,308,-1,310,311,312,-1,310,312,313,-1,313,312,314,-1,313,314,315,-1,160,315,161,-1,161,315,314,-1,226,228,230,-1,219,220,186,-1,211,213,215,-1,216,191,215,-1,215,191,192,-1,219,186,216,-1,216,186,189,-1,216,189,191,-1,230,232,234,-1,192,195,215,-1,215,195,197,-1,215,197,199,-1,220,222,224,-1,257,268,270,-1,199,201,215,-1,215,201,203,-1,215,203,205,-1,164,166,259,-1,205,207,215,-1,215,207,209,-1,215,209,211,-1,272,274,270,-1,270,274,315,-1,270,315,257,-1,257,315,160,-1,257,160,259,-1,259,160,162,-1,259,162,164,-1,180,182,242,-1,242,182,184,-1,242,184,234,-1,234,184,186,-1,234,186,230,-1,230,186,220,-1,230,220,226,-1,226,220,224,-1,305,307,286,-1,286,307,309,-1,286,309,285,-1,166,168,259,-1,259,168,170,-1,259,170,242,-1,242,170,172,-1,242,172,174,-1,174,176,242,-1,242,176,178,-1,242,178,180,-1,276,278,274,-1,274,278,280,-1,274,280,315,-1,315,280,282,-1,315,282,313,-1,313,282,285,-1,313,285,310,-1,310,285,309,-1,299,286,289,-1,299,301,286,-1,286,301,303,-1,286,303,305,-1,289,291,299,-1,299,291,293,-1,299,293,297,-1,297,293,295,-1,284,283,314,-1,304,302,288,-1,279,277,281,-1,281,277,275,-1,281,275,271,-1,271,275,273,-1,235,233,231,-1,314,312,284,-1,284,312,311,-1,284,311,287,-1,287,311,308,-1,287,308,288,-1,288,308,306,-1,288,306,304,-1,269,256,271,-1,271,256,314,-1,271,314,281,-1,281,314,283,-1,169,167,258,-1,294,292,296,-1,296,292,298,-1,302,300,288,-1,288,300,298,-1,288,298,290,-1,290,298,292,-1,183,243,185,-1,185,243,235,-1,185,235,187,-1,187,235,231,-1,187,231,227,-1,227,231,229,-1,167,165,258,-1,258,165,163,-1,258,163,256,-1,256,163,161,-1,256,161,314,-1,183,181,243,-1,243,181,179,-1,243,179,177,-1,217,214,193,-1,177,175,243,-1,243,175,173,-1,243,173,258,-1,258,173,171,-1,258,171,169,-1,225,223,227,-1,227,223,221,-1,227,221,187,-1,187,221,218,-1,187,218,188,-1,188,218,217,-1,188,217,190,-1,190,217,193,-1,212,202,214,-1,214,202,200,-1,214,200,198,-1,198,196,214,-1,214,196,194,-1,214,194,193,-1,212,210,202,-1,202,210,208,-1,202,208,204,-1,204,208,206,-1,238,253,236,-1,236,253,255,-1,236,255,316,-1,316,255,317,-1,318,319,317,-1,317,319,316,-1,319,318,237,-1,237,318,254,-1,237,254,239,-1,239,254,252,-1,248,239,265,-1,265,239,252,-1,248,265,263,-1,248,263,246,-1,246,263,261,-1,246,261,244,-1,244,261,259,-1,244,259,242,-1,243,258,245,-1,245,258,260,-1,245,260,247,-1,247,260,262,-1,247,262,249,-1,249,262,264,-1,250,249,266,-1,266,249,264,-1,250,266,267,-1,250,267,241,-1,241,267,251,-1,241,251,240,-1,240,251,253,-1,240,253,238,-1,317,255,318,-1,318,255,254,-1,236,316,237,-1,237,316,319,-1,320,321,322,-1,322,321,323,-1,322,323,324,-1,324,323,325,-1,324,325,326,-1,326,325,327,-1,326,327,328,-1,328,327,329,-1,328,329,330,-1,330,329,331,-1,330,331,332,-1,332,331,333,-1,332,333,334,-1,334,333,335,-1,334,335,336,-1,336,335,337,-1,336,337,338,-1,338,337,339,-1,338,339,340,-1,340,339,341,-1,340,341,342,-1,342,341,343,-1,342,343,344,-1,344,343,345,-1,346,344,347,-1,347,344,345,-1,346,347,348,-1,346,348,349,-1,349,348,350,-1,349,350,351,-1,352,351,353,-1,353,351,350,-1,352,353,354,-1,352,354,355,-1,355,354,356,-1,355,356,357,-1,357,356,358,-1,357,358,359,-1,359,358,360,-1,359,360,361,-1,361,360,362,-1,361,362,363,-1,363,362,364,-1,363,364,365,-1,365,364,366,-1,365,366,367,-1,367,366,368,-1,367,368,369,-1,369,368,370,-1,369,370,371,-1,371,370,372,-1,371,372,373,-1,373,372,374,-1,373,374,375,-1,376,375,377,-1,377,375,374,-1,377,378,376,-1,376,378,379,-1,380,379,381,-1,381,379,378,-1,382,380,383,-1,383,380,381,-1,384,382,385,-1,385,382,383,-1,386,384,387,-1,387,384,385,-1,388,386,389,-1,389,386,387,-1,390,388,391,-1,391,388,389,-1,392,390,393,-1,393,390,391,-1,394,392,395,-1,395,392,393,-1,396,397,398,-1,398,397,399,-1,398,399,400,-1,400,399,401,-1,394,395,402,-1,402,395,403,-1,402,403,404,-1,404,403,405,-1,404,405,406,-1,406,405,407,-1,406,407,408,-1,408,407,409,-1,408,409,399,-1,399,409,410,-1,399,410,401,-1,411,412,413,-1,413,412,414,-1,413,414,415,-1,416,417,418,-1,418,417,419,-1,418,419,420,-1,420,419,421,-1,420,421,422,-1,422,421,423,-1,422,423,424,-1,424,423,425,-1,424,425,426,-1,426,425,412,-1,426,412,427,-1,427,412,411,-1,428,417,429,-1,429,417,416,-1,430,428,431,-1,431,428,429,-1,432,430,433,-1,433,430,431,-1,434,432,435,-1,435,432,433,-1,436,434,437,-1,437,434,435,-1,438,436,439,-1,439,436,437,-1,440,438,441,-1,441,438,439,-1,442,440,443,-1,443,440,441,-1,443,444,442,-1,442,444,445,-1,446,445,447,-1,447,445,444,-1,446,447,448,-1,446,448,449,-1,449,448,450,-1,449,450,451,-1,451,450,452,-1,451,452,453,-1,453,452,454,-1,453,454,455,-1,455,454,456,-1,455,456,457,-1,457,456,458,-1,457,458,459,-1,459,458,460,-1,459,460,461,-1,461,460,462,-1,461,462,463,-1,463,462,464,-1,463,464,465,-1,465,464,466,-1,465,466,467,-1,467,466,468,-1,467,468,469,-1,470,469,471,-1,471,469,468,-1,470,471,472,-1,470,472,473,-1,473,472,474,-1,473,474,475,-1,320,475,321,-1,321,475,474,-1,386,388,390,-1,375,376,351,-1,379,380,346,-1,379,346,376,-1,376,346,349,-1,376,349,351,-1,390,392,394,-1,380,382,384,-1,417,428,430,-1,351,352,375,-1,375,352,355,-1,375,355,357,-1,357,359,375,-1,375,359,361,-1,375,361,363,-1,367,369,365,-1,365,369,371,-1,365,371,363,-1,363,371,373,-1,363,373,375,-1,324,326,419,-1,340,342,402,-1,402,342,344,-1,402,344,394,-1,394,344,346,-1,394,346,390,-1,390,346,380,-1,390,380,386,-1,386,380,384,-1,432,434,430,-1,430,434,475,-1,430,475,417,-1,417,475,320,-1,417,320,419,-1,419,320,322,-1,419,322,324,-1,465,467,446,-1,446,467,469,-1,446,469,445,-1,334,336,402,-1,402,336,338,-1,402,338,340,-1,436,438,434,-1,434,438,440,-1,434,440,475,-1,475,440,442,-1,475,442,473,-1,473,442,445,-1,473,445,470,-1,470,445,469,-1,326,328,419,-1,419,328,330,-1,419,330,402,-1,402,330,332,-1,402,332,334,-1,459,446,449,-1,459,461,446,-1,446,461,463,-1,446,463,465,-1,449,451,459,-1,459,451,453,-1,459,453,457,-1,457,453,455,-1,444,443,474,-1,464,462,448,-1,439,437,441,-1,441,437,435,-1,441,435,431,-1,431,435,433,-1,395,393,391,-1,474,472,444,-1,444,472,471,-1,444,471,447,-1,447,471,468,-1,447,468,448,-1,448,468,466,-1,448,466,464,-1,429,416,431,-1,431,416,474,-1,431,474,441,-1,441,474,443,-1,454,452,456,-1,456,452,458,-1,462,460,448,-1,448,460,458,-1,448,458,450,-1,450,458,452,-1,343,403,345,-1,345,403,395,-1,345,395,347,-1,347,395,391,-1,347,391,387,-1,387,391,389,-1,329,327,418,-1,343,341,403,-1,403,341,339,-1,403,339,337,-1,327,325,418,-1,418,325,323,-1,418,323,416,-1,416,323,321,-1,416,321,474,-1,377,374,353,-1,385,383,387,-1,387,383,381,-1,387,381,347,-1,347,381,378,-1,347,378,348,-1,348,378,377,-1,348,377,350,-1,350,377,353,-1,337,335,403,-1,403,335,333,-1,403,333,418,-1,418,333,331,-1,418,331,329,-1,358,374,360,-1,360,374,362,-1,358,356,374,-1,374,356,354,-1,374,354,353,-1,374,372,362,-1,362,372,370,-1,362,370,364,-1,364,370,368,-1,364,368,366,-1,398,413,396,-1,396,413,415,-1,396,415,476,-1,476,415,477,-1,478,479,477,-1,477,479,476,-1,479,478,397,-1,397,478,414,-1,397,414,399,-1,399,414,412,-1,408,399,425,-1,425,399,412,-1,408,425,423,-1,408,423,406,-1,406,423,421,-1,406,421,404,-1,404,421,419,-1,404,419,402,-1,403,418,405,-1,405,418,420,-1,405,420,407,-1,407,420,422,-1,407,422,409,-1,409,422,424,-1,410,409,426,-1,426,409,424,-1,410,426,427,-1,410,427,401,-1,401,427,411,-1,401,411,400,-1,400,411,413,-1,400,413,398,-1,477,415,478,-1,478,415,414,-1,396,476,397,-1,397,476,479,-1,
        ]
    }
}